"","PersonID","FirstName","LastName","ZIP","Phone","CallID","Time"
"1",127,"Alexia","Rasmussen",11422,"718-534-2403",4252,"1/1/2008 12:32"
"2",98,"Brenden","Rasmussen",10015,"646-812-7298",4253,"1/2/2008 13:17"
"3",94,"Beau","Ware",10013,"646-391-9926",4254,"1/2/2008 14:54"
"4",127,"Alexia","Rasmussen",11422,"718-534-2403",4255,"1/3/2008 15:32"
"5",156,"Jacoby","Cook",10045,"917-808-6186",4256,"1/3/2008 15:52"
"6",139,"Quinten","Hubbard",10016,"917-687-2256",4257,"1/4/2008 13:19"
"7",75,"Remington","Farrell",11693,"917-843-4608",4258,"1/5/2008 9:09"
"8",91,"Pedro","Payne",10005,"212-498-6862",4259,"1/5/2008 9:10"
"9",152,"Elianna","Medina",10308,"646-819-2778",4260,"1/5/2008 9:41"
"10",8,"Darren","Burns",10120,"212-220-3311",4261,"1/5/2008 16:11"
"11",164,"Rebekah","Beard",10155,"212-700-7304",4262,"1/7/2008 11:23"
"12",7,"Jaqueline","Ewing",10106,"347-409-5439",4263,"1/7/2008 11:50"
"13",105,"Porter","Parks",11385,"718-483-5325",4264,"1/7/2008 13:31"
"14",163,"Donavan","Ingram",11224,"718-543-2608",4265,"1/8/2008 14:28"
"15",174,"Charles","McCoy",11220,"347-312-4725",4266,"1/8/2008 15:48"
"16",66,"Yaritza","Andrews",11234,"718-746-4988",4267,"1/9/2008 13:57"
"17",61,"Rylie","Ayala",10167,"917-745-5684",4268,"1/9/2008 15:10"
"18",45,"Omari","Rush",11691,"646-516-3070",4269,"1/9/2008 16:29"
"19",175,"Bridger","Stephenson",11374,"718-792-7253",4270,"1/10/2008 9:41"
"20",2,"Reynaldo","Harris",11223,"646-382-3431",4271,"1/11/2008 8:06"
"21",63,"Quentin","Randolph",11207,"347-625-6847",4272,"1/11/2008 12:10"
"22",136,"Deborah","Lamb",10302,"718-408-4184",4273,"1/11/2008 12:46"
"23",42,"Stanley","Townsend",10314,"212-775-3412",4274,"1/12/2008 16:05"
"24",135,"Lena","Rivera",11361,"212-340-5502",4275,"1/14/2008 8:01"
"25",177,"Aaliyah","Stephenson",10169,"646-354-5674",4276,"1/14/2008 9:09"
"26",186,"Quintin","McConnell",11413,"917-363-2471",4277,"1/14/2008 11:41"
"27",63,"Quentin","Randolph",11207,"347-625-6847",4278,"1/14/2008 15:10"
"28",10,"Aliya","Hoffman",11366,"917-613-6421",4279,"1/15/2008 8:44"
"29",90,"Janiah","Kidd",11220,"347-346-9229",4280,"1/15/2008 13:10"
"30",131,"Desmond","Knowles",10122,"917-785-7273",4281,"1/15/2008 14:04"
"31",142,"Harrison","Duke",10112,"718-245-5292",4282,"1/15/2008 16:33"
"32",94,"Beau","Ware",10013,"646-391-9926",4283,"1/16/2008 9:51"
"33",158,"Alessandro","Casey",11209,"917-647-6620",4284,"1/16/2008 13:54"
"34",83,"Kamryn","Hopper",11418,"917-350-9472",4285,"1/16/2008 14:48"
"35",189,"Jasmin","Guzman",10028,"718-377-3801",4286,"1/17/2008 9:26"
"36",84,"Makhi","Robles",10451,"917-612-4762",4287,"1/17/2008 10:30"
"37",43,"Rodney","Stafford",10158,"646-519-3002",4288,"1/17/2008 13:20"
"38",88,"Alfonso","Gilbert",11225,"347-656-8233",4289,"1/18/2008 16:14"
"39",190,"Kaylee","Richmond",11224,"646-799-3731",4290,"1/19/2008 10:33"
"40",116,"Dylan","Clark",10468,"646-576-9372",4291,"1/19/2008 13:24"
"41",37,"Grace","Rowe",10158,"646-524-8955",4292,"1/19/2008 14:23"
"42",179,"Carleigh","Manning",10021,"646-573-3267",4293,"1/20/2008 11:22"
"43",119,"Tatiana","Davidson",10451,"718-457-2953",4294,"1/20/2008 16:02"
"44",151,"Kaiya","Hull",10457,"347-829-1136",4295,"1/20/2008 16:31"
"45",179,"Carleigh","Manning",10021,"646-573-3267",4296,"1/21/2008 15:09"
"46",54,"Jayson","Bullock",11210,"718-708-3598",4297,"1/21/2008 16:44"
"47",164,"Rebekah","Beard",10155,"212-700-7304",4298,"1/22/2008 9:23"
"48",148,"Holden","Fowler",10118,"212-722-7454",4299,"1/22/2008 12:19"
"49",89,"Irvin","Hinton",11363,"212-335-8571",4300,"1/22/2008 13:41"
"50",57,"Lia","Harrell",10451,"347-270-4389",4301,"1/22/2008 16:21"
"51",30,"Alexus","Crosby",10473,"646-223-6544",4302,"1/22/2008 16:48"
"52",5,"Cael","Glover",10026,"646-623-7673",4303,"1/23/2008 11:03"
"53",155,"Leia","Schroeder",11362,"347-373-6302",4304,"1/24/2008 8:50"
"54",139,"Quinten","Hubbard",10016,"917-687-2256",4305,"1/24/2008 10:06"
"55",192,"Jayden","Whitfield",10037,"347-356-9081",4306,"1/24/2008 14:28"
"56",119,"Tatiana","Davidson",10451,"718-457-2953",4307,"1/26/2008 8:07"
"57",78,"Octavio","Whitehead",11218,"212-423-2062",4308,"1/26/2008 9:44"
"58",70,"Terrance","Forbes",10154,"347-642-8572",4309,"1/26/2008 14:48"
"59",65,"Isaias","Moon",10471,"212-716-6333",4310,"1/26/2008 15:00"
"60",106,"Briley","Estrada",11360,"646-234-2097",4311,"1/28/2008 10:03"
"61",168,"Kierra","Holmes",11101,"718-451-2157",4312,"1/29/2008 10:53"
"62",63,"Quentin","Randolph",11207,"347-625-6847",4313,"1/29/2008 10:55"
"63",1,"Jaylen","Christensen",10006,"646-376-4466",4314,"1/29/2008 11:19"
"64",159,"Mireya","Woodard",10110,"718-496-7026",4315,"1/29/2008 12:34"
"65",78,"Octavio","Whitehead",11218,"212-423-2062",4316,"1/29/2008 14:53"
"66",32,"Reese","Roth",11208,"212-614-7981",4317,"1/30/2008 8:16"
"67",79,"Mariam","Bowen",11238,"646-292-3920",4318,"1/30/2008 9:50"
"68",186,"Quintin","McConnell",11413,"917-363-2471",4319,"1/30/2008 10:20"
"69",54,"Jayson","Bullock",11210,"718-708-3598",4320,"1/31/2008 8:20"
"70",86,"Jaida","Whitney",11363,"718-703-2577",4321,"2/1/2008 9:15"
"71",10,"Aliya","Hoffman",11366,"917-613-6421",4322,"2/1/2008 10:12"
"72",91,"Pedro","Payne",10005,"212-498-6862",4323,"2/1/2008 12:53"
"73",8,"Darren","Burns",10120,"212-220-3311",4324,"2/1/2008 12:59"
"74",27,"Aaden","Lowe",11233,"212-683-8794",4325,"2/1/2008 16:16"
"75",55,"Amy","Jarvis",11375,"646-804-4663",4326,"2/1/2008 16:45"
"76",133,"Katherine","Turner",11216,"347-589-7132",4327,"2/3/2008 10:32"
"77",95,"Matthias","Clemons",11411,"347-329-7260",4328,"2/3/2008 16:26"
"78",23,"Jocelynn","Buck",11105,"718-722-6313",4329,"2/4/2008 11:32"
"79",76,"Dixie","Cruz",10103,"917-586-9422",4330,"2/5/2008 12:35"
"80",101,"Anabella","Nixon",11249,"212-523-6502",4331,"2/6/2008 12:01"
"81",49,"Selina","Nelson",10035,"718-511-4170",4332,"2/6/2008 13:05"
"82",165,"Cannon","Berg",11420,"646-605-8063",4333,"2/7/2008 8:47"
"83",59,"Desiree","Melton",11432,"646-270-2996",4334,"2/7/2008 10:15"
"84",84,"Makhi","Robles",10451,"917-612-4762",4335,"2/7/2008 10:31"
"85",20,"Reed","Flowers",10168,"646-547-6398",4336,"2/7/2008 15:57"
"86",154,"Landyn","Pitts",10166,"347-320-2243",4337,"2/7/2008 16:44"
"87",40,"King","Rose",11367,"347-823-6645",4338,"2/9/2008 8:48"
"88",76,"Dixie","Cruz",10103,"917-586-9422",4339,"2/9/2008 11:27"
"89",84,"Makhi","Robles",10451,"917-612-4762",4340,"2/10/2008 10:41"
"90",91,"Pedro","Payne",10005,"212-498-6862",4341,"2/10/2008 14:51"
"91",181,"Jakobe","Miller",10451,"917-728-8534",4342,"2/11/2008 10:06"
"92",81,"Aileen","Johnson",11210,"917-426-2147",4343,"2/11/2008 11:35"
"93",99,"Kyla","Shannon",11368,"646-352-2431",4344,"2/11/2008 12:02"
"94",30,"Alexus","Crosby",10473,"646-223-6544",4345,"2/12/2008 8:13"
"95",75,"Remington","Farrell",11693,"917-843-4608",4346,"2/13/2008 10:43"
"96",63,"Quentin","Randolph",11207,"347-625-6847",4347,"2/13/2008 12:46"
"97",160,"Raegan","Cantrell",10280,"646-813-3328",4348,"2/14/2008 15:27"
"98",58,"Mitchell","Lloyd",11362,"718-796-7350",4349,"2/14/2008 15:33"
"99",113,"Regina","Brewer",11209,"646-614-1481",4350,"2/15/2008 9:04"
"100",85,"Elianna","Kaufman",11230,"212-832-9113",4351,"2/15/2008 16:57"
"101",113,"Regina","Brewer",11209,"646-614-1481",4352,"2/16/2008 12:48"
"102",135,"Lena","Rivera",11361,"212-340-5502",4353,"2/16/2008 14:32"
"103",17,"Gemma","Donovan",10069,"646-768-1792",4354,"2/17/2008 9:08"
"104",81,"Aileen","Johnson",11210,"917-426-2147",4355,"2/17/2008 13:08"
"105",182,"Kassidy","Good",10039,"718-660-6567",4356,"2/17/2008 13:19"
"106",152,"Elianna","Medina",10308,"646-819-2778",4357,"2/18/2008 16:59"
"107",66,"Yaritza","Andrews",11234,"718-746-4988",4358,"2/19/2008 13:04"
"108",135,"Lena","Rivera",11361,"212-340-5502",4359,"2/19/2008 16:12"
"109",134,"Karli","Henson",11356,"917-716-1314",4360,"2/19/2008 16:45"
"110",165,"Cannon","Berg",11420,"646-605-8063",4361,"2/20/2008 8:14"
"111",165,"Cannon","Berg",11420,"646-605-8063",4362,"2/20/2008 12:41"
"112",175,"Bridger","Stephenson",11374,"718-792-7253",4363,"2/21/2008 11:23"
"113",180,"Charlie","Herring",10473,"212-321-1690",4364,"2/21/2008 13:29"
"114",13,"Melvin","Buckner",10304,"212-836-6512",4365,"2/21/2008 14:55"
"115",42,"Stanley","Townsend",10314,"212-775-3412",4366,"2/21/2008 15:17"
"116",42,"Stanley","Townsend",10314,"212-775-3412",4367,"2/23/2008 15:02"
"117",70,"Terrance","Forbes",10154,"347-642-8572",4368,"2/24/2008 11:33"
"118",157,"Valentino","Ford",11208,"212-745-3651",4369,"2/24/2008 16:25"
"119",125,"Lacey","Spencer",11411,"917-605-3899",4370,"2/25/2008 16:15"
"120",111,"Belen","Hess",11237,"917-302-6036",4371,"2/25/2008 16:40"
"121",156,"Jacoby","Cook",10045,"917-808-6186",4372,"2/26/2008 12:53"
"122",46,"Maurice","Tran",10471,"212-470-2697",4373,"2/26/2008 14:55"
"123",175,"Bridger","Stephenson",11374,"718-792-7253",4374,"2/26/2008 15:32"
"124",134,"Karli","Henson",11356,"917-716-1314",4375,"2/27/2008 10:40"
"125",37,"Grace","Rowe",10158,"646-524-8955",4376,"2/27/2008 15:36"
"126",78,"Octavio","Whitehead",11218,"212-423-2062",4377,"2/28/2008 10:09"
"127",189,"Jasmin","Guzman",10028,"718-377-3801",4378,"2/29/2008 11:23"
"128",81,"Aileen","Johnson",11210,"917-426-2147",4379,"2/29/2008 13:43"
"129",182,"Kassidy","Good",10039,"718-660-6567",4380,"3/1/2008 8:32"
"130",84,"Makhi","Robles",10451,"917-612-4762",4381,"3/1/2008 12:58"
"131",125,"Lacey","Spencer",11411,"917-605-3899",4382,"3/2/2008 8:25"
"132",114,"Bradley","Sims",10456,"646-587-3973",4383,"3/2/2008 12:58"
"133",70,"Terrance","Forbes",10154,"347-642-8572",4384,"3/2/2008 13:25"
"134",57,"Lia","Harrell",10451,"347-270-4389",4385,"3/2/2008 15:00"
"135",79,"Mariam","Bowen",11238,"646-292-3920",4386,"3/3/2008 13:23"
"136",39,"Damaris","Crosby",11436,"646-662-5349",4387,"3/3/2008 13:49"
"137",110,"Kade","Hood",10014,"917-336-9522",4388,"3/3/2008 16:34"
"138",87,"Braylon","Spence",11241,"347-729-6167",4389,"3/3/2008 16:50"
"139",9,"Rigoberto","Mayo",11358,"212-537-6720",4390,"3/4/2008 8:18"
"140",173,"Rebekah","Best",11434,"646-826-7098",4391,"3/4/2008 10:44"
"141",134,"Karli","Henson",11356,"917-716-1314",4392,"3/4/2008 11:48"
"142",80,"Nelson","Flynn",11109,"646-725-6832",4393,"3/4/2008 12:05"
"143",134,"Karli","Henson",11356,"917-716-1314",4394,"3/5/2008 9:42"
"144",27,"Aaden","Lowe",11233,"212-683-8794",4395,"3/6/2008 12:02"
"145",35,"Amari","Parker",10010,"212-525-3571",4396,"3/6/2008 13:51"
"146",182,"Kassidy","Good",10039,"718-660-6567",4397,"3/6/2008 15:13"
"147",90,"Janiah","Kidd",11220,"347-346-9229",4398,"3/6/2008 16:30"
"148",156,"Jacoby","Cook",10045,"917-808-6186",4399,"3/7/2008 11:23"
"149",113,"Regina","Brewer",11209,"646-614-1481",4400,"3/7/2008 11:39"
"150",163,"Donavan","Ingram",11224,"718-543-2608",4401,"3/7/2008 13:56"
"151",191,"Kai","Sparks",11211,"212-522-5661",4402,"3/8/2008 13:10"
"152",125,"Lacey","Spencer",11411,"917-605-3899",4403,"3/8/2008 13:32"
"153",132,"Jayda","Crawford",11105,"718-658-3906",4404,"3/8/2008 15:13"
"154",11,"Luna","Martinez",10006,"718-771-3686",4405,"3/9/2008 8:28"
"155",154,"Landyn","Pitts",10166,"347-320-2243",4406,"3/10/2008 13:45"
"156",131,"Desmond","Knowles",10122,"917-785-7273",4407,"3/10/2008 16:06"
"157",79,"Mariam","Bowen",11238,"646-292-3920",4408,"3/11/2008 10:43"
"158",29,"Alexander","Cantu",10278,"917-261-3926",4409,"3/11/2008 11:10"
"159",48,"Jaylen","Smith",10464,"212-432-9911",4410,"3/12/2008 12:48"
"160",95,"Matthias","Clemons",11411,"347-329-7260",4411,"3/12/2008 15:54"
"161",174,"Charles","McCoy",11220,"347-312-4725",4412,"3/13/2008 9:36"
"162",144,"Donna","Gallegos",11421,"917-617-3764",4413,"3/13/2008 12:18"
"163",61,"Rylie","Ayala",10167,"917-745-5684",4414,"3/14/2008 16:24"
"164",76,"Dixie","Cruz",10103,"917-586-9422",4415,"3/14/2008 16:46"
"165",74,"Zackary","Gilliam",10279,"917-593-3931",4416,"3/16/2008 8:21"
"166",176,"Alison","Mays",10165,"917-265-9366",4417,"3/16/2008 12:47"
"167",65,"Isaias","Moon",10471,"212-716-6333",4418,"3/17/2008 13:09"
"168",67,"Danny","Gray",10309,"917-280-8507",4419,"3/17/2008 16:34"
"169",81,"Aileen","Johnson",11210,"917-426-2147",4420,"3/18/2008 12:54"
"170",25,"Khalil","Medina",11419,"917-361-9803",4421,"3/19/2008 11:24"
"171",150,"Kaleigh","Gaines",11422,"718-823-7799",4422,"3/20/2008 10:04"
"172",191,"Kai","Sparks",11211,"212-522-5661",4423,"3/20/2008 11:19"
"173",170,"Skylar","Whitfield",10469,"212-827-7355",4424,"3/20/2008 13:13"
"174",136,"Deborah","Lamb",10302,"718-408-4184",4425,"3/20/2008 14:42"
"175",127,"Alexia","Rasmussen",11422,"718-534-2403",4426,"3/22/2008 11:19"
"176",87,"Braylon","Spence",11241,"347-729-6167",4427,"3/22/2008 11:45"
"177",134,"Karli","Henson",11356,"917-716-1314",4428,"3/23/2008 9:25"
"178",56,"Immanuel","Joyce",11234,"212-671-1389",4429,"3/23/2008 16:00"
"179",186,"Quintin","McConnell",11413,"917-363-2471",4430,"3/24/2008 8:20"
"180",36,"Kendrick","Floyd",11434,"917-650-7989",4431,"3/24/2008 9:07"
"181",61,"Rylie","Ayala",10167,"917-745-5684",4432,"3/24/2008 11:22"
"182",40,"King","Rose",11367,"347-823-6645",4433,"3/25/2008 8:37"
"183",4,"Lia","Short",11230,"718-664-9574",4434,"3/25/2008 9:13"
"184",98,"Brenden","Rasmussen",10015,"646-812-7298",4435,"3/25/2008 9:34"
"185",195,"Darius","Travis",10459,"917-444-3708",4436,"3/25/2008 10:52"
"186",39,"Damaris","Crosby",11436,"646-662-5349",4437,"3/25/2008 13:12"
"187",47,"Brayan","Owens",11239,"347-766-3697",4438,"3/25/2008 13:20"
"188",100,"Branson","Ingram",10026,"212-780-2467",4439,"3/25/2008 13:59"
"189",163,"Donavan","Ingram",11224,"718-543-2608",4440,"3/25/2008 15:52"
"190",127,"Alexia","Rasmussen",11422,"718-534-2403",4441,"3/25/2008 16:39"
"191",137,"Amya","Walton",11422,"347-350-9310",4442,"3/26/2008 10:52"
"192",64,"Miles","Burton",10465,"646-336-1902",4443,"3/26/2008 11:10"
"193",101,"Anabella","Nixon",11249,"212-523-6502",4444,"3/27/2008 9:23"
"194",136,"Deborah","Lamb",10302,"718-408-4184",4445,"3/27/2008 10:39"
"195",79,"Mariam","Bowen",11238,"646-292-3920",4446,"3/27/2008 14:32"
"196",57,"Lia","Harrell",10451,"347-270-4389",4447,"3/28/2008 11:03"
"197",5,"Cael","Glover",10026,"646-623-7673",4448,"3/29/2008 8:00"
"198",93,"Vance","Wilcox",10466,"347-314-5165",4449,"3/29/2008 8:49"
"199",45,"Omari","Rush",11691,"646-516-3070",4450,"3/29/2008 13:35"
"200",171,"Savanah","Fernandez",11379,"212-358-3769",4451,"3/29/2008 15:37"
"201",20,"Reed","Flowers",10168,"646-547-6398",4452,"3/30/2008 10:20"
"202",75,"Remington","Farrell",11693,"917-843-4608",4453,"3/30/2008 15:26"
"203",80,"Nelson","Flynn",11109,"646-725-6832",4454,"4/1/2008 16:09"
"204",158,"Alessandro","Casey",11209,"917-647-6620",4455,"4/2/2008 13:07"
"205",119,"Tatiana","Davidson",10451,"718-457-2953",4456,"4/5/2008 12:07"
"206",61,"Rylie","Ayala",10167,"917-745-5684",4457,"4/5/2008 12:13"
"207",35,"Amari","Parker",10010,"212-525-3571",4458,"4/5/2008 15:31"
"208",92,"Adeline","Dillon",11373,"718-512-2564",4459,"4/6/2008 14:09"
"209",54,"Jayson","Bullock",11210,"718-708-3598",4460,"4/6/2008 16:17"
"210",100,"Branson","Ingram",10026,"212-780-2467",4461,"4/7/2008 13:42"
"211",37,"Grace","Rowe",10158,"646-524-8955",4462,"4/9/2008 9:07"
"212",55,"Amy","Jarvis",11375,"646-804-4663",4463,"4/9/2008 14:05"
"213",85,"Elianna","Kaufman",11230,"212-832-9113",4464,"4/9/2008 15:08"
"214",33,"Presley","Padilla",11357,"646-358-6884",4465,"4/11/2008 12:55"
"215",75,"Remington","Farrell",11693,"917-843-4608",4466,"4/12/2008 8:21"
"216",25,"Khalil","Medina",11419,"917-361-9803",4467,"4/12/2008 12:05"
"217",142,"Harrison","Duke",10112,"718-245-5292",4468,"4/12/2008 12:34"
"218",116,"Dylan","Clark",10468,"646-576-9372",4469,"4/12/2008 13:32"
"219",72,"Deja","Lindsey",10307,"212-411-1820",4470,"4/12/2008 16:36"
"220",104,"Dillon","Roberson",10118,"212-629-8042",4471,"4/14/2008 8:45"
"221",111,"Belen","Hess",11237,"917-302-6036",4472,"4/14/2008 16:17"
"222",144,"Donna","Gallegos",11421,"917-617-3764",4473,"4/15/2008 9:35"
"223",153,"Leland","Hunter",11109,"212-793-5299",4474,"4/15/2008 9:48"
"224",115,"Mathew","Harrison",11694,"646-614-8165",4475,"4/15/2008 10:59"
"225",93,"Vance","Wilcox",10466,"347-314-5165",4476,"4/16/2008 13:56"
"226",176,"Alison","Mays",10165,"917-265-9366",4477,"4/16/2008 14:36"
"227",124,"Cody","Leach",10005,"347-570-3346",4478,"4/16/2008 16:37"
"228",163,"Donavan","Ingram",11224,"718-543-2608",4479,"4/17/2008 8:24"
"229",106,"Briley","Estrada",11360,"646-234-2097",4480,"4/17/2008 8:41"
"230",167,"Neveah","Reynolds",10019,"646-527-1224",4481,"4/17/2008 10:56"
"231",14,"Jeramiah","Potts",11221,"646-228-5446",4482,"4/18/2008 10:21"
"232",148,"Holden","Fowler",10118,"212-722-7454",4483,"4/18/2008 10:54"
"233",24,"Zaniyah","Case",11103,"718-604-7729",4484,"4/18/2008 12:48"
"234",195,"Darius","Travis",10459,"917-444-3708",4485,"4/21/2008 8:30"
"235",174,"Charles","McCoy",11220,"347-312-4725",4486,"4/21/2008 11:48"
"236",104,"Dillon","Roberson",10118,"212-629-8042",4487,"4/21/2008 14:16"
"237",30,"Alexus","Crosby",10473,"646-223-6544",4488,"4/22/2008 10:21"
"238",97,"Reina","Hester",11435,"917-817-8225",4489,"4/22/2008 10:34"
"239",116,"Dylan","Clark",10468,"646-576-9372",4490,"4/22/2008 13:34"
"240",185,"Malia","Bridges",10128,"917-338-2937",4491,"4/22/2008 16:41"
"241",35,"Amari","Parker",10010,"212-525-3571",4492,"4/23/2008 11:04"
"242",195,"Darius","Travis",10459,"917-444-3708",4493,"4/23/2008 11:47"
"243",140,"Skylar","Buck",10162,"212-592-7909",4494,"4/23/2008 12:59"
"244",74,"Zackary","Gilliam",10279,"917-593-3931",4495,"4/23/2008 13:14"
"245",103,"Fabian","Bryan",10168,"646-523-3121",4496,"4/23/2008 15:31"
"246",98,"Brenden","Rasmussen",10015,"646-812-7298",4497,"4/23/2008 16:04"
"247",176,"Alison","Mays",10165,"917-265-9366",4498,"4/24/2008 11:25"
"248",195,"Darius","Travis",10459,"917-444-3708",4499,"4/24/2008 16:13"
"249",95,"Matthias","Clemons",11411,"347-329-7260",4500,"4/26/2008 8:03"
"250",17,"Gemma","Donovan",10069,"646-768-1792",4501,"4/26/2008 10:32"
"251",32,"Reese","Roth",11208,"212-614-7981",4502,"4/27/2008 10:06"
"252",111,"Belen","Hess",11237,"917-302-6036",4503,"4/27/2008 12:40"
"253",45,"Omari","Rush",11691,"646-516-3070",4504,"4/28/2008 8:41"
"254",174,"Charles","McCoy",11220,"347-312-4725",4505,"4/28/2008 13:08"
"255",83,"Kamryn","Hopper",11418,"917-350-9472",4506,"4/28/2008 15:42"
"256",138,"Kyleigh","Franks",10309,"718-550-6560",4507,"4/29/2008 10:27"
"257",98,"Brenden","Rasmussen",10015,"646-812-7298",4508,"4/29/2008 10:27"
"258",102,"Anabelle","Wilson",11211,"917-728-8694",4509,"4/30/2008 13:09"
"259",25,"Khalil","Medina",11419,"917-361-9803",4510,"5/1/2008 8:04"
"260",56,"Immanuel","Joyce",11234,"212-671-1389",4511,"5/2/2008 8:03"
"261",76,"Dixie","Cruz",10103,"917-586-9422",4512,"5/2/2008 12:28"
"262",57,"Lia","Harrell",10451,"347-270-4389",4513,"5/3/2008 14:17"
"263",133,"Katherine","Turner",11216,"347-589-7132",4514,"5/4/2008 12:01"
"264",32,"Reese","Roth",11208,"212-614-7981",4515,"5/4/2008 15:43"
"265",66,"Yaritza","Andrews",11234,"718-746-4988",4516,"5/5/2008 16:26"
"266",32,"Reese","Roth",11208,"212-614-7981",4517,"5/6/2008 8:59"
"267",141,"Vanessa","Mcmahon",10026,"212-569-4823",4518,"5/6/2008 16:11"
"268",99,"Kyla","Shannon",11368,"646-352-2431",4519,"5/7/2008 10:07"
"269",88,"Alfonso","Gilbert",11225,"347-656-8233",4520,"5/7/2008 10:37"
"270",165,"Cannon","Berg",11420,"646-605-8063",4521,"5/9/2008 8:52"
"271",29,"Alexander","Cantu",10278,"917-261-3926",4522,"5/9/2008 13:35"
"272",59,"Desiree","Melton",11432,"646-270-2996",4523,"5/9/2008 14:58"
"273",99,"Kyla","Shannon",11368,"646-352-2431",4524,"5/9/2008 16:23"
"274",191,"Kai","Sparks",11211,"212-522-5661",4525,"5/10/2008 9:15"
"275",15,"Owen","Noble",10453,"212-476-4876",4526,"5/10/2008 9:30"
"276",39,"Damaris","Crosby",11436,"646-662-5349",4527,"5/10/2008 12:00"
"277",101,"Anabella","Nixon",11249,"212-523-6502",4528,"5/10/2008 15:44"
"278",61,"Rylie","Ayala",10167,"917-745-5684",4529,"5/11/2008 9:41"
"279",52,"Jaycee","England",10014,"347-368-1526",4530,"5/13/2008 8:39"
"280",124,"Cody","Leach",10005,"347-570-3346",4531,"5/13/2008 9:49"
"281",127,"Alexia","Rasmussen",11422,"718-534-2403",4532,"5/13/2008 16:17"
"282",110,"Kade","Hood",10014,"917-336-9522",4533,"5/15/2008 11:45"
"283",72,"Deja","Lindsey",10307,"212-411-1820",4534,"5/15/2008 15:39"
"284",83,"Kamryn","Hopper",11418,"917-350-9472",4535,"5/16/2008 10:03"
"285",86,"Jaida","Whitney",11363,"718-703-2577",4536,"5/16/2008 16:07"
"286",168,"Kierra","Holmes",11101,"718-451-2157",4537,"5/16/2008 16:23"
"287",57,"Lia","Harrell",10451,"347-270-4389",4538,"5/17/2008 14:42"
"288",12,"Angelique","Oliver",11413,"917-252-3830",4539,"5/17/2008 15:20"
"289",174,"Charles","McCoy",11220,"347-312-4725",4540,"5/18/2008 9:43"
"290",165,"Cannon","Berg",11420,"646-605-8063",4541,"5/18/2008 10:56"
"291",52,"Jaycee","England",10014,"347-368-1526",4542,"5/18/2008 14:20"
"292",123,"Moses","Ingram",10015,"917-682-3372",4543,"5/19/2008 9:13"
"293",194,"Kymani","Beck",10463,"718-351-9427",4544,"5/19/2008 13:41"
"294",14,"Jeramiah","Potts",11221,"646-228-5446",4545,"5/19/2008 15:49"
"295",149,"Savanah","Forbes",10281,"917-687-6671",4546,"5/20/2008 15:55"
"296",18,"Jack","Bruce",11218,"646-522-7235",4547,"5/21/2008 12:07"
"297",189,"Jasmin","Guzman",10028,"718-377-3801",4548,"5/21/2008 12:31"
"298",66,"Yaritza","Andrews",11234,"718-746-4988",4549,"5/21/2008 15:12"
"299",22,"Hadassah","Abbott",11377,"917-823-9292",4550,"5/21/2008 16:22"
"300",8,"Darren","Burns",10120,"212-220-3311",4551,"5/22/2008 11:28"
"301",143,"Jasiah","Kirkland",10468,"347-479-2352",4552,"5/22/2008 12:54"
"302",97,"Reina","Hester",11435,"917-817-8225",4553,"5/22/2008 13:16"
"303",14,"Jeramiah","Potts",11221,"646-228-5446",4554,"5/22/2008 15:57"
"304",154,"Landyn","Pitts",10166,"347-320-2243",4555,"5/23/2008 16:42"
"305",4,"Lia","Short",11230,"718-664-9574",4556,"5/24/2008 14:54"
"306",158,"Alessandro","Casey",11209,"917-647-6620",4557,"5/25/2008 11:35"
"307",14,"Jeramiah","Potts",11221,"646-228-5446",4558,"5/26/2008 13:12"
"308",167,"Neveah","Reynolds",10019,"646-527-1224",4559,"5/26/2008 15:37"
"309",151,"Kaiya","Hull",10457,"347-829-1136",4560,"5/27/2008 8:07"
"310",88,"Alfonso","Gilbert",11225,"347-656-8233",4561,"5/27/2008 11:56"
"311",3,"Yandel","Franklin",10099,"718-510-6575",4562,"5/27/2008 15:13"
"312",115,"Mathew","Harrison",11694,"646-614-8165",4563,"5/28/2008 11:21"
"313",156,"Jacoby","Cook",10045,"917-808-6186",4564,"5/28/2008 15:00"
"314",149,"Savanah","Forbes",10281,"917-687-6671",4565,"5/29/2008 12:53"
"315",138,"Kyleigh","Franks",10309,"718-550-6560",4566,"5/29/2008 14:09"
"316",54,"Jayson","Bullock",11210,"718-708-3598",4567,"5/29/2008 15:33"
"317",117,"Aliza","Foreman",11697,"917-380-2950",4568,"5/31/2008 11:38"
"318",7,"Jaqueline","Ewing",10106,"347-409-5439",4569,"6/1/2008 9:04"
"319",150,"Kaleigh","Gaines",11422,"718-823-7799",4570,"6/1/2008 11:41"
"320",18,"Jack","Bruce",11218,"646-522-7235",4571,"6/1/2008 14:36"
"321",24,"Zaniyah","Case",11103,"718-604-7729",4572,"6/2/2008 15:12"
"322",62,"Ansley","Henson",10173,"917-353-7715",4573,"6/3/2008 12:31"
"323",153,"Leland","Hunter",11109,"212-793-5299",4574,"6/4/2008 8:08"
"324",146,"Brett","Wilkinson",10303,"347-524-8554",4575,"6/4/2008 11:02"
"325",63,"Quentin","Randolph",11207,"347-625-6847",4576,"6/4/2008 16:04"
"326",152,"Elianna","Medina",10308,"646-819-2778",4577,"6/5/2008 16:42"
"327",67,"Danny","Gray",10309,"917-280-8507",4578,"6/6/2008 12:23"
"328",115,"Mathew","Harrison",11694,"646-614-8165",4579,"6/6/2008 13:30"
"329",184,"Hallie","Casey",10107,"646-463-4607",4580,"6/6/2008 14:29"
"330",19,"Salvador","Emerson",10028,"347-276-8948",4581,"6/7/2008 9:12"
"331",80,"Nelson","Flynn",11109,"646-725-6832",4582,"6/7/2008 11:17"
"332",154,"Landyn","Pitts",10166,"347-320-2243",4583,"6/9/2008 13:01"
"333",155,"Leia","Schroeder",11362,"347-373-6302",4584,"6/9/2008 16:43"
"334",111,"Belen","Hess",11237,"917-302-6036",4585,"6/10/2008 12:54"
"335",10,"Aliya","Hoffman",11366,"917-613-6421",4586,"6/10/2008 15:10"
"336",5,"Cael","Glover",10026,"646-623-7673",4587,"6/12/2008 8:03"
"337",79,"Mariam","Bowen",11238,"646-292-3920",4588,"6/12/2008 10:26"
"338",52,"Jaycee","England",10014,"347-368-1526",4589,"6/13/2008 13:44"
"339",65,"Isaias","Moon",10471,"212-716-6333",4590,"6/14/2008 9:18"
"340",153,"Leland","Hunter",11109,"212-793-5299",4591,"6/14/2008 15:32"
"341",99,"Kyla","Shannon",11368,"646-352-2431",4592,"6/15/2008 12:24"
"342",148,"Holden","Fowler",10118,"212-722-7454",4593,"6/15/2008 13:17"
"343",81,"Aileen","Johnson",11210,"917-426-2147",4594,"6/16/2008 8:01"
"344",152,"Elianna","Medina",10308,"646-819-2778",4595,"6/16/2008 9:16"
"345",144,"Donna","Gallegos",11421,"917-617-3764",4596,"6/16/2008 11:37"
"346",31,"Jazmin","Schmidt",11237,"718-294-7531",4597,"6/16/2008 14:36"
"347",2,"Reynaldo","Harris",11223,"646-382-3431",4598,"6/17/2008 8:01"
"348",165,"Cannon","Berg",11420,"646-605-8063",4599,"6/17/2008 11:06"
"349",78,"Octavio","Whitehead",11218,"212-423-2062",4600,"6/17/2008 13:40"
"350",60,"Evie","Beasley",11360,"347-379-6271",4601,"6/17/2008 14:31"
"351",160,"Raegan","Cantrell",10280,"646-813-3328",4602,"6/17/2008 15:12"
"352",104,"Dillon","Roberson",10118,"212-629-8042",4603,"6/17/2008 15:38"
"353",18,"Jack","Bruce",11218,"646-522-7235",4604,"6/18/2008 9:47"
"354",106,"Briley","Estrada",11360,"646-234-2097",4605,"6/18/2008 14:17"
"355",186,"Quintin","McConnell",11413,"917-363-2471",4606,"6/19/2008 15:40"
"356",10,"Aliya","Hoffman",11366,"917-613-6421",4607,"6/20/2008 11:43"
"357",156,"Jacoby","Cook",10045,"917-808-6186",4608,"6/21/2008 11:54"
"358",74,"Zackary","Gilliam",10279,"917-593-3931",4609,"6/21/2008 16:11"
"359",66,"Yaritza","Andrews",11234,"718-746-4988",4610,"6/22/2008 10:08"
"360",61,"Rylie","Ayala",10167,"917-745-5684",4611,"6/23/2008 8:11"
"361",26,"Jaylan","Martin",10123,"212-403-5255",4612,"6/23/2008 9:21"
"362",87,"Braylon","Spence",11241,"347-729-6167",4613,"6/23/2008 12:53"
"363",96,"Bailey","Jordan",10029,"347-840-4080",4614,"6/23/2008 13:28"
"364",59,"Desiree","Melton",11432,"646-270-2996",4615,"6/24/2008 12:20"
"365",103,"Fabian","Bryan",10168,"646-523-3121",4616,"6/24/2008 16:37"
"366",72,"Deja","Lindsey",10307,"212-411-1820",4617,"6/25/2008 10:25"
"367",78,"Octavio","Whitehead",11218,"212-423-2062",4618,"6/25/2008 10:45"
"368",99,"Kyla","Shannon",11368,"646-352-2431",4619,"6/25/2008 13:29"
"369",12,"Angelique","Oliver",11413,"917-252-3830",4620,"6/25/2008 16:11"
"370",89,"Irvin","Hinton",11363,"212-335-8571",4621,"6/26/2008 12:16"
"371",63,"Quentin","Randolph",11207,"347-625-6847",4622,"6/27/2008 12:15"
"372",129,"Deven","Graham",11693,"646-246-7524",4623,"6/28/2008 8:33"
"373",188,"Makenna","Joseph",10172,"212-533-9260",4624,"6/28/2008 12:28"
"374",163,"Donavan","Ingram",11224,"718-543-2608",4625,"6/28/2008 15:47"
"375",8,"Darren","Burns",10120,"212-220-3311",4626,"6/28/2008 16:35"
"376",139,"Quinten","Hubbard",10016,"917-687-2256",4627,"6/29/2008 10:41"
"377",98,"Brenden","Rasmussen",10015,"646-812-7298",4628,"6/29/2008 12:52"
"378",80,"Nelson","Flynn",11109,"646-725-6832",4629,"6/30/2008 10:13"
"379",104,"Dillon","Roberson",10118,"212-629-8042",4630,"6/30/2008 13:55"
"380",84,"Makhi","Robles",10451,"917-612-4762",4631,"6/30/2008 14:53"
"381",47,"Brayan","Owens",11239,"347-766-3697",4632,"6/30/2008 15:10"
"382",110,"Kade","Hood",10014,"917-336-9522",4633,"7/1/2008 9:35"
"383",39,"Damaris","Crosby",11436,"646-662-5349",4634,"7/1/2008 12:23"
"384",79,"Mariam","Bowen",11238,"646-292-3920",4635,"7/1/2008 13:42"
"385",125,"Lacey","Spencer",11411,"917-605-3899",4636,"7/1/2008 15:37"
"386",153,"Leland","Hunter",11109,"212-793-5299",4637,"7/1/2008 16:43"
"387",146,"Brett","Wilkinson",10303,"347-524-8554",4638,"7/2/2008 8:18"
"388",163,"Donavan","Ingram",11224,"718-543-2608",4639,"7/3/2008 8:29"
"389",153,"Leland","Hunter",11109,"212-793-5299",4640,"7/3/2008 14:53"
"390",62,"Ansley","Henson",10173,"917-353-7715",4641,"7/3/2008 16:27"
"391",167,"Neveah","Reynolds",10019,"646-527-1224",4642,"7/4/2008 13:50"
"392",74,"Zackary","Gilliam",10279,"917-593-3931",4643,"7/5/2008 8:58"
"393",48,"Jaylen","Smith",10464,"212-432-9911",4644,"7/5/2008 9:49"
"394",5,"Cael","Glover",10026,"646-623-7673",4645,"7/5/2008 10:15"
"395",67,"Danny","Gray",10309,"917-280-8507",4646,"7/6/2008 8:50"
"396",80,"Nelson","Flynn",11109,"646-725-6832",4647,"7/6/2008 14:28"
"397",41,"Ryleigh","Wilkins",10302,"917-766-5604",4648,"7/6/2008 15:15"
"398",61,"Rylie","Ayala",10167,"917-745-5684",4649,"7/6/2008 15:40"
"399",47,"Brayan","Owens",11239,"347-766-3697",4650,"7/6/2008 16:42"
"400",161,"Peyton","Pace",11216,"646-619-7420",4651,"7/7/2008 11:33"
"401",19,"Salvador","Emerson",10028,"347-276-8948",4652,"7/8/2008 8:44"
"402",30,"Alexus","Crosby",10473,"646-223-6544",4653,"7/8/2008 12:02"
"403",194,"Kymani","Beck",10463,"718-351-9427",4654,"7/8/2008 16:32"
"404",39,"Damaris","Crosby",11436,"646-662-5349",4655,"7/9/2008 14:02"
"405",76,"Dixie","Cruz",10103,"917-586-9422",4656,"7/9/2008 14:30"
"406",126,"Serena","Peters",11363,"718-380-2477",4657,"7/9/2008 16:47"
"407",100,"Branson","Ingram",10026,"212-780-2467",4658,"7/10/2008 9:39"
"408",146,"Brett","Wilkinson",10303,"347-524-8554",4659,"7/12/2008 13:59"
"409",18,"Jack","Bruce",11218,"646-522-7235",4660,"7/13/2008 15:10"
"410",82,"Harry","Rogers",11370,"917-782-8106",4661,"7/14/2008 15:50"
"411",191,"Kai","Sparks",11211,"212-522-5661",4662,"7/15/2008 13:51"
"412",158,"Alessandro","Casey",11209,"917-647-6620",4663,"7/17/2008 11:37"
"413",156,"Jacoby","Cook",10045,"917-808-6186",4664,"7/17/2008 13:05"
"414",91,"Pedro","Payne",10005,"212-498-6862",4665,"7/17/2008 16:00"
"415",32,"Reese","Roth",11208,"212-614-7981",4666,"7/18/2008 10:11"
"416",115,"Mathew","Harrison",11694,"646-614-8165",4667,"7/18/2008 12:28"
"417",7,"Jaqueline","Ewing",10106,"347-409-5439",4668,"7/18/2008 15:03"
"418",152,"Elianna","Medina",10308,"646-819-2778",4669,"7/20/2008 8:04"
"419",5,"Cael","Glover",10026,"646-623-7673",4670,"7/20/2008 11:20"
"420",166,"Rihanna","Guthrie",11204,"212-560-3413",4671,"7/20/2008 12:35"
"421",2,"Reynaldo","Harris",11223,"646-382-3431",4672,"7/20/2008 14:31"
"422",140,"Skylar","Buck",10162,"212-592-7909",4673,"7/21/2008 10:14"
"423",131,"Desmond","Knowles",10122,"917-785-7273",4674,"7/21/2008 12:46"
"424",155,"Leia","Schroeder",11362,"347-373-6302",4675,"7/22/2008 14:21"
"425",94,"Beau","Ware",10013,"646-391-9926",4676,"7/22/2008 14:47"
"426",96,"Bailey","Jordan",10029,"347-840-4080",4677,"7/23/2008 8:59"
"427",32,"Reese","Roth",11208,"212-614-7981",4678,"7/25/2008 14:29"
"428",10,"Aliya","Hoffman",11366,"917-613-6421",4679,"7/25/2008 16:09"
"429",183,"Londyn","Bentley",10470,"917-278-4443",4680,"7/25/2008 16:38"
"430",56,"Immanuel","Joyce",11234,"212-671-1389",4681,"7/26/2008 12:02"
"431",54,"Jayson","Bullock",11210,"718-708-3598",4682,"7/26/2008 13:04"
"432",22,"Hadassah","Abbott",11377,"917-823-9292",4683,"7/27/2008 14:54"
"433",40,"King","Rose",11367,"347-823-6645",4684,"7/28/2008 16:44"
"434",152,"Elianna","Medina",10308,"646-819-2778",4685,"7/29/2008 12:52"
"435",1,"Jaylen","Christensen",10006,"646-376-4466",4686,"7/30/2008 10:27"
"436",116,"Dylan","Clark",10468,"646-576-9372",4687,"7/30/2008 15:53"
"437",192,"Jayden","Whitfield",10037,"347-356-9081",4688,"7/31/2008 8:06"
"438",3,"Yandel","Franklin",10099,"718-510-6575",4689,"7/31/2008 9:10"
"439",183,"Londyn","Bentley",10470,"917-278-4443",4690,"8/1/2008 10:29"
"440",12,"Angelique","Oliver",11413,"917-252-3830",4691,"8/1/2008 13:27"
"441",41,"Ryleigh","Wilkins",10302,"917-766-5604",4692,"8/2/2008 16:18"
"442",176,"Alison","Mays",10165,"917-265-9366",4693,"8/3/2008 10:31"
"443",105,"Porter","Parks",11385,"718-483-5325",4694,"8/4/2008 10:00"
"444",143,"Jasiah","Kirkland",10468,"347-479-2352",4695,"8/5/2008 15:09"
"445",195,"Darius","Travis",10459,"917-444-3708",4696,"8/6/2008 16:19"
"446",90,"Janiah","Kidd",11220,"347-346-9229",4697,"8/7/2008 13:57"
"447",62,"Ansley","Henson",10173,"917-353-7715",4698,"8/7/2008 16:41"
"448",134,"Karli","Henson",11356,"917-716-1314",4699,"8/7/2008 16:49"
"449",47,"Brayan","Owens",11239,"347-766-3697",4700,"8/8/2008 13:28"
"450",80,"Nelson","Flynn",11109,"646-725-6832",4701,"8/9/2008 8:41"
"451",175,"Bridger","Stephenson",11374,"718-792-7253",4702,"8/10/2008 13:18"
"452",81,"Aileen","Johnson",11210,"917-426-2147",4703,"8/11/2008 9:04"
"453",174,"Charles","McCoy",11220,"347-312-4725",4704,"8/11/2008 11:39"
"454",113,"Regina","Brewer",11209,"646-614-1481",4705,"8/12/2008 9:14"
"455",18,"Jack","Bruce",11218,"646-522-7235",4706,"8/13/2008 16:09"
"456",148,"Holden","Fowler",10118,"212-722-7454",4707,"8/13/2008 16:22"
"457",104,"Dillon","Roberson",10118,"212-629-8042",4708,"8/14/2008 13:36"
"458",111,"Belen","Hess",11237,"917-302-6036",4709,"8/15/2008 15:56"
"459",150,"Kaleigh","Gaines",11422,"718-823-7799",4710,"8/16/2008 9:48"
"460",170,"Skylar","Whitfield",10469,"212-827-7355",4711,"8/16/2008 10:55"
"461",145,"Giuliana","Miles",11373,"917-657-9916",4712,"8/17/2008 15:31"
"462",71,"Lucy","Baldwin",10024,"917-661-5442",4713,"8/17/2008 16:57"
"463",134,"Karli","Henson",11356,"917-716-1314",4714,"8/18/2008 11:48"
"464",182,"Kassidy","Good",10039,"718-660-6567",4715,"8/18/2008 12:39"
"465",188,"Makenna","Joseph",10172,"212-533-9260",4716,"8/19/2008 8:04"
"466",193,"Savanna","Oneil",10069,"646-733-3847",4717,"8/20/2008 11:19"
"467",104,"Dillon","Roberson",10118,"212-629-8042",4718,"8/20/2008 16:13"
"468",178,"Maximilian","Morales",11217,"212-772-6202",4719,"8/21/2008 12:44"
"469",140,"Skylar","Buck",10162,"212-592-7909",4720,"8/21/2008 15:37"
"470",182,"Kassidy","Good",10039,"718-660-6567",4721,"8/23/2008 13:40"
"471",31,"Jazmin","Schmidt",11237,"718-294-7531",4722,"8/23/2008 14:39"
"472",12,"Angelique","Oliver",11413,"917-252-3830",4723,"8/24/2008 10:03"
"473",109,"Jordan","Scott",10048,"917-284-9436",4724,"8/24/2008 12:30"
"474",109,"Jordan","Scott",10048,"917-284-9436",4725,"8/24/2008 12:35"
"475",159,"Mireya","Woodard",10110,"718-496-7026",4726,"8/24/2008 14:04"
"476",20,"Reed","Flowers",10168,"646-547-6398",4727,"8/26/2008 12:10"
"477",165,"Cannon","Berg",11420,"646-605-8063",4728,"8/27/2008 11:01"
"478",39,"Damaris","Crosby",11436,"646-662-5349",4729,"8/27/2008 13:48"
"479",104,"Dillon","Roberson",10118,"212-629-8042",4730,"8/29/2008 8:49"
"480",25,"Khalil","Medina",11419,"917-361-9803",4731,"8/29/2008 10:25"
"481",108,"Adeline","Dickerson",10111,"718-703-9796",4732,"8/29/2008 12:08"
"482",56,"Immanuel","Joyce",11234,"212-671-1389",4733,"8/30/2008 9:40"
"483",93,"Vance","Wilcox",10466,"347-314-5165",4734,"8/31/2008 12:03"
"484",12,"Angelique","Oliver",11413,"917-252-3830",4735,"8/31/2008 12:32"
"485",105,"Porter","Parks",11385,"718-483-5325",4736,"8/31/2008 15:44"
"486",20,"Reed","Flowers",10168,"646-547-6398",4737,"9/3/2008 12:21"
"487",32,"Reese","Roth",11208,"212-614-7981",4738,"9/3/2008 13:20"
"488",111,"Belen","Hess",11237,"917-302-6036",4739,"9/3/2008 13:39"
"489",77,"Yair","Edwards",10468,"347-774-4501",4740,"9/4/2008 12:13"
"490",190,"Kaylee","Richmond",11224,"646-799-3731",4741,"9/4/2008 13:02"
"491",14,"Jeramiah","Potts",11221,"646-228-5446",4742,"9/5/2008 8:05"
"492",52,"Jaycee","England",10014,"347-368-1526",4743,"9/5/2008 8:25"
"493",13,"Melvin","Buckner",10304,"212-836-6512",4744,"9/5/2008 12:03"
"494",179,"Carleigh","Manning",10021,"646-573-3267",4745,"9/5/2008 14:20"
"495",124,"Cody","Leach",10005,"347-570-3346",4746,"9/8/2008 8:35"
"496",89,"Irvin","Hinton",11363,"212-335-8571",4747,"9/8/2008 15:53"
"497",49,"Selina","Nelson",10035,"718-511-4170",4748,"9/9/2008 9:29"
"498",135,"Lena","Rivera",11361,"212-340-5502",4749,"9/9/2008 9:50"
"499",127,"Alexia","Rasmussen",11422,"718-534-2403",4750,"9/9/2008 11:05"
"500",41,"Ryleigh","Wilkins",10302,"917-766-5604",4751,"9/9/2008 12:10"
"501",55,"Amy","Jarvis",11375,"646-804-4663",4752,"9/9/2008 15:02"
"502",100,"Branson","Ingram",10026,"212-780-2467",4753,"9/10/2008 8:32"
"503",26,"Jaylan","Martin",10123,"212-403-5255",4754,"9/12/2008 13:17"
"504",8,"Darren","Burns",10120,"212-220-3311",4755,"9/12/2008 13:58"
"505",101,"Anabella","Nixon",11249,"212-523-6502",4756,"9/13/2008 14:00"
"506",110,"Kade","Hood",10014,"917-336-9522",4757,"9/14/2008 13:43"
"507",68,"Autumn","Burnett",11366,"917-355-7377",4758,"9/14/2008 16:34"
"508",142,"Harrison","Duke",10112,"718-245-5292",4759,"9/15/2008 11:16"
"509",100,"Branson","Ingram",10026,"212-780-2467",4760,"9/16/2008 11:35"
"510",14,"Jeramiah","Potts",11221,"646-228-5446",4761,"9/16/2008 12:08"
"511",188,"Makenna","Joseph",10172,"212-533-9260",4762,"9/17/2008 11:45"
"512",13,"Melvin","Buckner",10304,"212-836-6512",4763,"9/20/2008 8:56"
"513",85,"Elianna","Kaufman",11230,"212-832-9113",4764,"9/21/2008 11:00"
"514",185,"Malia","Bridges",10128,"917-338-2937",4765,"9/21/2008 11:42"
"515",100,"Branson","Ingram",10026,"212-780-2467",4766,"9/21/2008 12:02"
"516",121,"Jazmyn","Livingston",11414,"917-364-9971",4767,"9/21/2008 14:04"
"517",117,"Aliza","Foreman",11697,"917-380-2950",4768,"9/21/2008 16:47"
"518",55,"Amy","Jarvis",11375,"646-804-4663",4769,"9/21/2008 16:54"
"519",140,"Skylar","Buck",10162,"212-592-7909",4770,"9/23/2008 8:16"
"520",149,"Savanah","Forbes",10281,"917-687-6671",4771,"9/23/2008 8:21"
"521",106,"Briley","Estrada",11360,"646-234-2097",4772,"9/24/2008 10:56"
"522",101,"Anabella","Nixon",11249,"212-523-6502",4773,"9/24/2008 15:27"
"523",93,"Vance","Wilcox",10466,"347-314-5165",4774,"9/25/2008 16:57"
"524",160,"Raegan","Cantrell",10280,"646-813-3328",4775,"9/27/2008 16:59"
"525",52,"Jaycee","England",10014,"347-368-1526",4776,"9/28/2008 11:34"
"526",63,"Quentin","Randolph",11207,"347-625-6847",4777,"9/28/2008 12:28"
"527",182,"Kassidy","Good",10039,"718-660-6567",4778,"9/29/2008 8:46"
"528",4,"Lia","Short",11230,"718-664-9574",4779,"9/29/2008 9:06"
"529",139,"Quinten","Hubbard",10016,"917-687-2256",4780,"9/30/2008 8:52"
"530",55,"Amy","Jarvis",11375,"646-804-4663",4781,"9/30/2008 12:51"
"531",101,"Anabella","Nixon",11249,"212-523-6502",4782,"10/1/2008 8:03"
"532",142,"Harrison","Duke",10112,"718-245-5292",4783,"10/1/2008 8:31"
"533",195,"Darius","Travis",10459,"917-444-3708",4784,"10/2/2008 11:07"
"534",62,"Ansley","Henson",10173,"917-353-7715",4785,"10/3/2008 14:52"
"535",175,"Bridger","Stephenson",11374,"718-792-7253",4786,"10/4/2008 10:57"
"536",47,"Brayan","Owens",11239,"347-766-3697",4787,"10/5/2008 12:04"
"537",10,"Aliya","Hoffman",11366,"917-613-6421",4788,"10/5/2008 13:36"
"538",172,"Fernando","Rosa",10031,"917-669-3112",4789,"10/5/2008 13:59"
"539",145,"Giuliana","Miles",11373,"917-657-9916",4790,"10/6/2008 11:07"
"540",1,"Jaylen","Christensen",10006,"646-376-4466",4791,"10/6/2008 16:08"
"541",35,"Amari","Parker",10010,"212-525-3571",4792,"10/7/2008 8:23"
"542",70,"Terrance","Forbes",10154,"347-642-8572",4793,"10/7/2008 9:50"
"543",167,"Neveah","Reynolds",10019,"646-527-1224",4794,"10/9/2008 12:53"
"544",159,"Mireya","Woodard",10110,"718-496-7026",4795,"10/11/2008 8:14"
"545",34,"Adrianna","Duncan",10032,"646-544-5915",4796,"10/12/2008 9:21"
"546",76,"Dixie","Cruz",10103,"917-586-9422",4797,"10/12/2008 11:58"
"547",47,"Brayan","Owens",11239,"347-766-3697",4798,"10/12/2008 14:02"
"548",191,"Kai","Sparks",11211,"212-522-5661",4799,"10/12/2008 15:09"
"549",90,"Janiah","Kidd",11220,"347-346-9229",4800,"10/13/2008 11:18"
"550",108,"Adeline","Dickerson",10111,"718-703-9796",4801,"10/14/2008 8:36"
"551",64,"Miles","Burton",10465,"646-336-1902",4802,"10/14/2008 11:45"
"552",37,"Grace","Rowe",10158,"646-524-8955",4803,"10/15/2008 9:06"
"553",166,"Rihanna","Guthrie",11204,"212-560-3413",4804,"10/15/2008 12:41"
"554",174,"Charles","McCoy",11220,"347-312-4725",4805,"10/16/2008 8:26"
"555",150,"Kaleigh","Gaines",11422,"718-823-7799",4806,"10/16/2008 10:08"
"556",19,"Salvador","Emerson",10028,"347-276-8948",4807,"10/16/2008 16:27"
"557",41,"Ryleigh","Wilkins",10302,"917-766-5604",4808,"10/18/2008 13:37"
"558",167,"Neveah","Reynolds",10019,"646-527-1224",4809,"10/19/2008 10:19"
"559",49,"Selina","Nelson",10035,"718-511-4170",4810,"10/19/2008 16:30"
"560",9,"Rigoberto","Mayo",11358,"212-537-6720",4811,"10/20/2008 9:06"
"561",115,"Mathew","Harrison",11694,"646-614-8165",4812,"10/20/2008 13:45"
"562",91,"Pedro","Payne",10005,"212-498-6862",4813,"10/21/2008 16:41"
"563",113,"Regina","Brewer",11209,"646-614-1481",4814,"10/22/2008 8:19"
"564",175,"Bridger","Stephenson",11374,"718-792-7253",4815,"10/22/2008 9:37"
"565",100,"Branson","Ingram",10026,"212-780-2467",4816,"10/24/2008 9:36"
"566",136,"Deborah","Lamb",10302,"718-408-4184",4817,"10/24/2008 10:44"
"567",72,"Deja","Lindsey",10307,"212-411-1820",4818,"10/25/2008 8:59"
"568",5,"Cael","Glover",10026,"646-623-7673",4819,"10/25/2008 9:37"
"569",182,"Kassidy","Good",10039,"718-660-6567",4820,"10/25/2008 14:51"
"570",131,"Desmond","Knowles",10122,"917-785-7273",4821,"10/25/2008 16:43"
"571",109,"Jordan","Scott",10048,"917-284-9436",4822,"10/26/2008 9:54"
"572",127,"Alexia","Rasmussen",11422,"718-534-2403",4823,"10/26/2008 16:28"
"573",155,"Leia","Schroeder",11362,"347-373-6302",4824,"10/27/2008 11:56"
"574",103,"Fabian","Bryan",10168,"646-523-3121",4825,"10/28/2008 8:26"
"575",2,"Reynaldo","Harris",11223,"646-382-3431",4826,"10/28/2008 13:58"
"576",49,"Selina","Nelson",10035,"718-511-4170",4827,"10/30/2008 9:59"
"577",35,"Amari","Parker",10010,"212-525-3571",4828,"11/1/2008 9:48"
"578",47,"Brayan","Owens",11239,"347-766-3697",4829,"11/1/2008 10:44"
"579",110,"Kade","Hood",10014,"917-336-9522",4830,"11/1/2008 13:26"
"580",41,"Ryleigh","Wilkins",10302,"917-766-5604",4831,"11/2/2008 13:59"
"581",42,"Stanley","Townsend",10314,"212-775-3412",4832,"11/3/2008 10:05"
"582",90,"Janiah","Kidd",11220,"347-346-9229",4833,"11/3/2008 14:08"
"583",183,"Londyn","Bentley",10470,"917-278-4443",4834,"11/5/2008 8:45"
"584",167,"Neveah","Reynolds",10019,"646-527-1224",4835,"11/5/2008 15:49"
"585",116,"Dylan","Clark",10468,"646-576-9372",4836,"11/6/2008 8:16"
"586",163,"Donavan","Ingram",11224,"718-543-2608",4837,"11/6/2008 8:39"
"587",181,"Jakobe","Miller",10451,"917-728-8534",4838,"11/6/2008 11:22"
"588",105,"Porter","Parks",11385,"718-483-5325",4839,"11/6/2008 12:34"
"589",50,"Susan","Matthews",10128,"212-748-5980",4840,"11/7/2008 12:59"
"590",54,"Jayson","Bullock",11210,"718-708-3598",4841,"11/8/2008 8:44"
"591",85,"Elianna","Kaufman",11230,"212-832-9113",4842,"11/8/2008 10:50"
"592",150,"Kaleigh","Gaines",11422,"718-823-7799",4843,"11/8/2008 12:04"
"593",148,"Holden","Fowler",10118,"212-722-7454",4844,"11/10/2008 10:14"
"594",55,"Amy","Jarvis",11375,"646-804-4663",4845,"11/10/2008 13:21"
"595",161,"Peyton","Pace",11216,"646-619-7420",4846,"11/10/2008 14:25"
"596",136,"Deborah","Lamb",10302,"718-408-4184",4847,"11/11/2008 10:03"
"597",149,"Savanah","Forbes",10281,"917-687-6671",4848,"11/11/2008 10:40"
"598",41,"Ryleigh","Wilkins",10302,"917-766-5604",4849,"11/11/2008 14:43"
"599",167,"Neveah","Reynolds",10019,"646-527-1224",4850,"11/12/2008 14:55"
"600",112,"Mekhi","Ramos",11101,"646-537-5741",4851,"11/13/2008 15:18"
"601",94,"Beau","Ware",10013,"646-391-9926",4852,"11/14/2008 8:32"
"602",135,"Lena","Rivera",11361,"212-340-5502",4853,"11/14/2008 13:45"
"603",57,"Lia","Harrell",10451,"347-270-4389",4854,"11/14/2008 16:26"
"604",131,"Desmond","Knowles",10122,"917-785-7273",4855,"11/15/2008 12:57"
"605",117,"Aliza","Foreman",11697,"917-380-2950",4856,"11/15/2008 15:30"
"606",87,"Braylon","Spence",11241,"347-729-6167",4857,"11/16/2008 12:07"
"607",195,"Darius","Travis",10459,"917-444-3708",4858,"11/16/2008 13:08"
"608",100,"Branson","Ingram",10026,"212-780-2467",4859,"11/16/2008 15:31"
"609",67,"Danny","Gray",10309,"917-280-8507",4860,"11/17/2008 8:16"
"610",147,"Conor","Weiss",11203,"347-518-5638",4861,"11/17/2008 8:17"
"611",192,"Jayden","Whitfield",10037,"347-356-9081",4862,"11/18/2008 8:13"
"612",37,"Grace","Rowe",10158,"646-524-8955",4863,"11/18/2008 12:20"
"613",57,"Lia","Harrell",10451,"347-270-4389",4864,"11/18/2008 16:03"
"614",178,"Maximilian","Morales",11217,"212-772-6202",4865,"11/19/2008 14:02"
"615",144,"Donna","Gallegos",11421,"917-617-3764",4866,"11/19/2008 15:09"
"616",70,"Terrance","Forbes",10154,"347-642-8572",4867,"11/19/2008 15:51"
"617",105,"Porter","Parks",11385,"718-483-5325",4868,"11/19/2008 16:01"
"618",118,"Kenley","Hunt",10028,"212-705-8822",4869,"11/20/2008 9:59"
"619",11,"Luna","Martinez",10006,"718-771-3686",4870,"11/20/2008 11:27"
"620",42,"Stanley","Townsend",10314,"212-775-3412",4871,"11/20/2008 13:46"
"621",139,"Quinten","Hubbard",10016,"917-687-2256",4872,"11/20/2008 16:37"
"622",38,"Dawson","Rios",11362,"917-560-5580",4873,"11/22/2008 12:27"
"623",90,"Janiah","Kidd",11220,"347-346-9229",4874,"11/22/2008 15:11"
"624",16,"Dayana","Kidd",10170,"347-385-1742",4875,"11/23/2008 14:11"
"625",109,"Jordan","Scott",10048,"917-284-9436",4876,"11/24/2008 11:57"
"626",124,"Cody","Leach",10005,"347-570-3346",4877,"11/24/2008 12:52"
"627",2,"Reynaldo","Harris",11223,"646-382-3431",4878,"11/24/2008 14:44"
"628",191,"Kai","Sparks",11211,"212-522-5661",4879,"11/24/2008 15:38"
"629",108,"Adeline","Dickerson",10111,"718-703-9796",4880,"11/24/2008 16:33"
"630",182,"Kassidy","Good",10039,"718-660-6567",4881,"11/25/2008 11:04"
"631",123,"Moses","Ingram",10015,"917-682-3372",4882,"11/25/2008 15:08"
"632",102,"Anabelle","Wilson",11211,"917-728-8694",4883,"11/26/2008 14:06"
"633",83,"Kamryn","Hopper",11418,"917-350-9472",4884,"11/27/2008 10:07"
"634",10,"Aliya","Hoffman",11366,"917-613-6421",4885,"11/27/2008 11:38"
"635",8,"Darren","Burns",10120,"212-220-3311",4886,"11/27/2008 12:25"
"636",152,"Elianna","Medina",10308,"646-819-2778",4887,"11/28/2008 11:21"
"637",48,"Jaylen","Smith",10464,"212-432-9911",4888,"11/28/2008 12:49"
"638",148,"Holden","Fowler",10118,"212-722-7454",4889,"11/30/2008 9:17"
"639",20,"Reed","Flowers",10168,"646-547-6398",4890,"11/30/2008 12:15"
"640",109,"Jordan","Scott",10048,"917-284-9436",4891,"12/1/2008 15:09"
"641",16,"Dayana","Kidd",10170,"347-385-1742",4892,"12/3/2008 9:43"
"642",139,"Quinten","Hubbard",10016,"917-687-2256",4893,"12/3/2008 11:45"
"643",90,"Janiah","Kidd",11220,"347-346-9229",4894,"12/3/2008 12:57"
"644",145,"Giuliana","Miles",11373,"917-657-9916",4895,"12/3/2008 16:40"
"645",59,"Desiree","Melton",11432,"646-270-2996",4896,"12/5/2008 14:01"
"646",153,"Leland","Hunter",11109,"212-793-5299",4897,"12/6/2008 14:47"
"647",1,"Jaylen","Christensen",10006,"646-376-4466",4898,"12/6/2008 15:50"
"648",107,"Elliana","Pratt",10174,"917-830-8782",4899,"12/7/2008 16:26"
"649",139,"Quinten","Hubbard",10016,"917-687-2256",4900,"12/9/2008 14:31"
"650",115,"Mathew","Harrison",11694,"646-614-8165",4901,"12/10/2008 8:59"
"651",67,"Danny","Gray",10309,"917-280-8507",4902,"12/10/2008 11:31"
"652",136,"Deborah","Lamb",10302,"718-408-4184",4903,"12/11/2008 15:58"
"653",145,"Giuliana","Miles",11373,"917-657-9916",4904,"12/12/2008 11:28"
"654",33,"Presley","Padilla",11357,"646-358-6884",4905,"12/13/2008 11:16"
"655",183,"Londyn","Bentley",10470,"917-278-4443",4906,"12/13/2008 11:36"
"656",135,"Lena","Rivera",11361,"212-340-5502",4907,"12/15/2008 14:02"
"657",106,"Briley","Estrada",11360,"646-234-2097",4908,"12/15/2008 16:10"
"658",4,"Lia","Short",11230,"718-664-9574",4909,"12/15/2008 16:33"
"659",121,"Jazmyn","Livingston",11414,"917-364-9971",4910,"12/16/2008 9:41"
"660",133,"Katherine","Turner",11216,"347-589-7132",4911,"12/16/2008 11:37"
"661",106,"Briley","Estrada",11360,"646-234-2097",4912,"12/16/2008 16:34"
"662",97,"Reina","Hester",11435,"917-817-8225",4913,"12/17/2008 13:21"
"663",28,"Tristin","Barron",10467,"212-510-3235",4914,"12/17/2008 14:38"
"664",168,"Kierra","Holmes",11101,"718-451-2157",4915,"12/17/2008 15:32"
"665",56,"Immanuel","Joyce",11234,"212-671-1389",4916,"12/17/2008 15:43"
"666",3,"Yandel","Franklin",10099,"718-510-6575",4917,"12/18/2008 15:36"
"667",129,"Deven","Graham",11693,"646-246-7524",4918,"12/19/2008 9:08"
"668",117,"Aliza","Foreman",11697,"917-380-2950",4919,"12/19/2008 9:20"
"669",105,"Porter","Parks",11385,"718-483-5325",4920,"12/19/2008 12:17"
"670",63,"Quentin","Randolph",11207,"347-625-6847",4921,"12/20/2008 8:57"
"671",63,"Quentin","Randolph",11207,"347-625-6847",4922,"12/20/2008 14:41"
"672",30,"Alexus","Crosby",10473,"646-223-6544",4923,"12/20/2008 16:33"
"673",66,"Yaritza","Andrews",11234,"718-746-4988",4924,"12/21/2008 11:06"
"674",69,"Sarah","Velazquez",11417,"917-811-9147",4925,"12/23/2008 10:20"
"675",105,"Porter","Parks",11385,"718-483-5325",4926,"12/23/2008 15:01"
"676",78,"Octavio","Whitehead",11218,"212-423-2062",4927,"12/24/2008 8:27"
"677",119,"Tatiana","Davidson",10451,"718-457-2953",4928,"12/24/2008 12:09"
"678",111,"Belen","Hess",11237,"917-302-6036",4929,"12/24/2008 13:10"
"679",39,"Damaris","Crosby",11436,"646-662-5349",4930,"12/25/2008 13:12"
"680",84,"Makhi","Robles",10451,"917-612-4762",4931,"12/26/2008 10:28"
"681",194,"Kymani","Beck",10463,"718-351-9427",4932,"12/26/2008 11:40"
"682",151,"Kaiya","Hull",10457,"347-829-1136",4933,"12/27/2008 16:18"
"683",61,"Rylie","Ayala",10167,"917-745-5684",4934,"12/28/2008 12:10"
"684",135,"Lena","Rivera",11361,"212-340-5502",4935,"12/28/2008 13:16"
"685",87,"Braylon","Spence",11241,"347-729-6167",4936,"12/28/2008 14:33"
"686",163,"Donavan","Ingram",11224,"718-543-2608",4937,"12/29/2008 12:17"
"687",166,"Rihanna","Guthrie",11204,"212-560-3413",4938,"12/29/2008 13:31"
"688",73,"Colby","Atkinson",10007,"646-772-2257",4939,"12/30/2008 9:19"
"689",175,"Bridger","Stephenson",11374,"718-792-7253",4940,"12/30/2008 13:42"
"690",74,"Zackary","Gilliam",10279,"917-593-3931",4941,"12/31/2008 9:12"
"691",52,"Jaycee","England",10014,"347-368-1526",4942,"12/31/2008 12:41"
"692",115,"Mathew","Harrison",11694,"646-614-8165",4943,"1/1/2009 9:27"
"693",19,"Salvador","Emerson",10028,"347-276-8948",4944,"1/1/2009 12:23"
"694",126,"Serena","Peters",11363,"718-380-2477",4945,"1/2/2009 9:20"
"695",35,"Amari","Parker",10010,"212-525-3571",4946,"1/2/2009 12:36"
"696",73,"Colby","Atkinson",10007,"646-772-2257",4947,"1/3/2009 11:24"
"697",108,"Adeline","Dickerson",10111,"718-703-9796",4948,"1/4/2009 13:08"
"698",35,"Amari","Parker",10010,"212-525-3571",4949,"1/4/2009 16:23"
"699",109,"Jordan","Scott",10048,"917-284-9436",4950,"1/6/2009 14:26"
"700",161,"Peyton","Pace",11216,"646-619-7420",4951,"1/7/2009 8:14"
"701",108,"Adeline","Dickerson",10111,"718-703-9796",4952,"1/7/2009 11:12"
"702",62,"Ansley","Henson",10173,"917-353-7715",4953,"1/7/2009 15:33"
"703",174,"Charles","McCoy",11220,"347-312-4725",4954,"1/7/2009 16:45"
"704",55,"Amy","Jarvis",11375,"646-804-4663",4955,"1/8/2009 10:45"
"705",117,"Aliza","Foreman",11697,"917-380-2950",4956,"1/8/2009 12:01"
"706",154,"Landyn","Pitts",10166,"347-320-2243",4957,"1/9/2009 10:07"
"707",49,"Selina","Nelson",10035,"718-511-4170",4958,"1/9/2009 10:57"
"708",174,"Charles","McCoy",11220,"347-312-4725",4959,"1/9/2009 14:28"
"709",177,"Aaliyah","Stephenson",10169,"646-354-5674",4960,"1/10/2009 9:46"
"710",84,"Makhi","Robles",10451,"917-612-4762",4961,"1/11/2009 9:17"
"711",125,"Lacey","Spencer",11411,"917-605-3899",4962,"1/11/2009 12:06"
"712",1,"Jaylen","Christensen",10006,"646-376-4466",4963,"1/11/2009 15:20"
"713",170,"Skylar","Whitfield",10469,"212-827-7355",4964,"1/13/2009 8:02"
"714",142,"Harrison","Duke",10112,"718-245-5292",4965,"1/13/2009 11:52"
"715",31,"Jazmin","Schmidt",11237,"718-294-7531",4966,"1/14/2009 9:05"
"716",47,"Brayan","Owens",11239,"347-766-3697",4967,"1/15/2009 9:08"
"717",183,"Londyn","Bentley",10470,"917-278-4443",4968,"1/15/2009 16:22"
"718",41,"Ryleigh","Wilkins",10302,"917-766-5604",4969,"1/15/2009 16:40"
"719",50,"Susan","Matthews",10128,"212-748-5980",4970,"1/17/2009 10:24"
"720",67,"Danny","Gray",10309,"917-280-8507",4971,"1/17/2009 12:36"
"721",149,"Savanah","Forbes",10281,"917-687-6671",4972,"1/18/2009 8:21"
"722",170,"Skylar","Whitfield",10469,"212-827-7355",4973,"1/18/2009 9:10"
"723",48,"Jaylen","Smith",10464,"212-432-9911",4974,"1/18/2009 13:11"
"724",140,"Skylar","Buck",10162,"212-592-7909",4975,"1/19/2009 8:11"
"725",44,"Ciara","Nunez",10010,"917-738-7813",4976,"1/19/2009 8:53"
"726",90,"Janiah","Kidd",11220,"347-346-9229",4977,"1/20/2009 15:56"
"727",99,"Kyla","Shannon",11368,"646-352-2431",4978,"1/20/2009 16:50"
"728",53,"Eve","Lindsey",11372,"917-719-1929",4979,"1/21/2009 14:27"
"729",97,"Reina","Hester",11435,"917-817-8225",4980,"1/22/2009 10:46"
"730",158,"Alessandro","Casey",11209,"917-647-6620",4981,"1/22/2009 11:41"
"731",185,"Malia","Bridges",10128,"917-338-2937",4982,"1/22/2009 14:17"
"732",119,"Tatiana","Davidson",10451,"718-457-2953",4983,"1/22/2009 14:51"
"733",140,"Skylar","Buck",10162,"212-592-7909",4984,"1/22/2009 15:30"
"734",111,"Belen","Hess",11237,"917-302-6036",4985,"1/23/2009 14:42"
"735",186,"Quintin","McConnell",11413,"917-363-2471",4986,"1/26/2009 10:35"
"736",42,"Stanley","Townsend",10314,"212-775-3412",4987,"1/27/2009 12:42"
"737",2,"Reynaldo","Harris",11223,"646-382-3431",4988,"1/28/2009 8:39"
"738",37,"Grace","Rowe",10158,"646-524-8955",4989,"1/29/2009 12:19"
"739",85,"Elianna","Kaufman",11230,"212-832-9113",4990,"1/29/2009 12:33"
"740",70,"Terrance","Forbes",10154,"347-642-8572",4991,"1/29/2009 16:09"
"741",17,"Gemma","Donovan",10069,"646-768-1792",4992,"1/29/2009 16:14"
"742",139,"Quinten","Hubbard",10016,"917-687-2256",4993,"1/30/2009 8:50"
"743",134,"Karli","Henson",11356,"917-716-1314",4994,"1/30/2009 10:47"
"744",84,"Makhi","Robles",10451,"917-612-4762",4995,"1/31/2009 15:36"
"745",169,"Eduardo","Jimenez",10453,"646-595-2549",4996,"1/31/2009 16:37"
"746",192,"Jayden","Whitfield",10037,"347-356-9081",4997,"2/2/2009 10:07"
"747",49,"Selina","Nelson",10035,"718-511-4170",4998,"2/2/2009 12:19"
"748",33,"Presley","Padilla",11357,"646-358-6884",4999,"2/2/2009 13:20"
"749",25,"Khalil","Medina",11419,"917-361-9803",5000,"2/3/2009 13:58"
"750",190,"Kaylee","Richmond",11224,"646-799-3731",5001,"2/3/2009 15:02"
"751",139,"Quinten","Hubbard",10016,"917-687-2256",5002,"2/4/2009 12:14"
"752",48,"Jaylen","Smith",10464,"212-432-9911",5003,"2/4/2009 14:03"
"753",62,"Ansley","Henson",10173,"917-353-7715",5004,"2/5/2009 8:43"
"754",90,"Janiah","Kidd",11220,"347-346-9229",5005,"2/6/2009 8:26"
"755",52,"Jaycee","England",10014,"347-368-1526",5006,"2/7/2009 14:07"
"756",128,"Conner","Hinton",11204,"646-775-3686",5007,"2/7/2009 16:05"
"757",194,"Kymani","Beck",10463,"718-351-9427",5008,"2/9/2009 8:38"
"758",131,"Desmond","Knowles",10122,"917-785-7273",5009,"2/10/2009 8:14"
"759",160,"Raegan","Cantrell",10280,"646-813-3328",5010,"2/10/2009 10:45"
"760",149,"Savanah","Forbes",10281,"917-687-6671",5011,"2/10/2009 11:35"
"761",62,"Ansley","Henson",10173,"917-353-7715",5012,"2/10/2009 12:04"
"762",11,"Luna","Martinez",10006,"718-771-3686",5013,"2/10/2009 13:54"
"763",52,"Jaycee","England",10014,"347-368-1526",5014,"2/10/2009 15:00"
"764",119,"Tatiana","Davidson",10451,"718-457-2953",5015,"2/11/2009 13:14"
"765",153,"Leland","Hunter",11109,"212-793-5299",5016,"2/12/2009 8:26"
"766",74,"Zackary","Gilliam",10279,"917-593-3931",5017,"2/12/2009 8:46"
"767",124,"Cody","Leach",10005,"347-570-3346",5018,"2/12/2009 12:34"
"768",64,"Miles","Burton",10465,"646-336-1902",5019,"2/12/2009 15:45"
"769",87,"Braylon","Spence",11241,"347-729-6167",5020,"2/13/2009 11:23"
"770",170,"Skylar","Whitfield",10469,"212-827-7355",5021,"2/14/2009 8:59"
"771",171,"Savanah","Fernandez",11379,"212-358-3769",5022,"2/15/2009 8:11"
"772",124,"Cody","Leach",10005,"347-570-3346",5023,"2/15/2009 13:40"
"773",14,"Jeramiah","Potts",11221,"646-228-5446",5024,"2/15/2009 15:51"
"774",10,"Aliya","Hoffman",11366,"917-613-6421",5025,"2/16/2009 8:53"
"775",37,"Grace","Rowe",10158,"646-524-8955",5026,"2/16/2009 12:56"
"776",101,"Anabella","Nixon",11249,"212-523-6502",5027,"2/16/2009 12:56"
"777",156,"Jacoby","Cook",10045,"917-808-6186",5028,"2/19/2009 8:14"
"778",195,"Darius","Travis",10459,"917-444-3708",5029,"2/19/2009 11:39"
"779",89,"Irvin","Hinton",11363,"212-335-8571",5030,"2/19/2009 11:56"
"780",46,"Maurice","Tran",10471,"212-470-2697",5031,"2/19/2009 13:31"
"781",145,"Giuliana","Miles",11373,"917-657-9916",5032,"2/19/2009 15:27"
"782",177,"Aaliyah","Stephenson",10169,"646-354-5674",5033,"2/19/2009 16:36"
"783",52,"Jaycee","England",10014,"347-368-1526",5034,"2/20/2009 9:21"
"784",80,"Nelson","Flynn",11109,"646-725-6832",5035,"2/20/2009 9:27"
"785",7,"Jaqueline","Ewing",10106,"347-409-5439",5036,"2/20/2009 10:49"
"786",68,"Autumn","Burnett",11366,"917-355-7377",5037,"2/20/2009 13:10"
"787",115,"Mathew","Harrison",11694,"646-614-8165",5038,"2/21/2009 8:45"
"788",148,"Holden","Fowler",10118,"212-722-7454",5039,"2/21/2009 12:34"
"789",33,"Presley","Padilla",11357,"646-358-6884",5040,"2/22/2009 8:22"
"790",106,"Briley","Estrada",11360,"646-234-2097",5041,"2/22/2009 8:56"
"791",19,"Salvador","Emerson",10028,"347-276-8948",5042,"2/22/2009 10:05"
"792",108,"Adeline","Dickerson",10111,"718-703-9796",5043,"2/23/2009 9:02"
"793",87,"Braylon","Spence",11241,"347-729-6167",5044,"2/23/2009 15:53"
"794",163,"Donavan","Ingram",11224,"718-543-2608",5045,"2/24/2009 9:34"
"795",105,"Porter","Parks",11385,"718-483-5325",5046,"2/24/2009 16:01"
"796",5,"Cael","Glover",10026,"646-623-7673",5047,"2/25/2009 10:20"
"797",37,"Grace","Rowe",10158,"646-524-8955",5048,"2/27/2009 15:15"
"798",55,"Amy","Jarvis",11375,"646-804-4663",5049,"2/27/2009 16:22"
"799",31,"Jazmin","Schmidt",11237,"718-294-7531",5050,"2/27/2009 16:26"
"800",133,"Katherine","Turner",11216,"347-589-7132",5051,"2/28/2009 8:55"
"801",76,"Dixie","Cruz",10103,"917-586-9422",5052,"2/28/2009 15:48"
"802",113,"Regina","Brewer",11209,"646-614-1481",5053,"3/1/2009 10:14"
"803",144,"Donna","Gallegos",11421,"917-617-3764",5054,"3/2/2009 10:15"
"804",160,"Raegan","Cantrell",10280,"646-813-3328",5055,"3/2/2009 10:20"
"805",154,"Landyn","Pitts",10166,"347-320-2243",5056,"3/2/2009 16:24"
"806",167,"Neveah","Reynolds",10019,"646-527-1224",5057,"3/3/2009 10:44"
"807",88,"Alfonso","Gilbert",11225,"347-656-8233",5058,"3/3/2009 11:23"
"808",11,"Luna","Martinez",10006,"718-771-3686",5059,"3/4/2009 15:03"
"809",146,"Brett","Wilkinson",10303,"347-524-8554",5060,"3/4/2009 15:18"
"810",176,"Alison","Mays",10165,"917-265-9366",5061,"3/4/2009 15:44"
"811",101,"Anabella","Nixon",11249,"212-523-6502",5062,"3/7/2009 9:49"
"812",124,"Cody","Leach",10005,"347-570-3346",5063,"3/7/2009 10:23"
"813",95,"Matthias","Clemons",11411,"347-329-7260",5064,"3/7/2009 13:22"
"814",85,"Elianna","Kaufman",11230,"212-832-9113",5065,"3/7/2009 13:55"
"815",70,"Terrance","Forbes",10154,"347-642-8572",5066,"3/7/2009 14:17"
"816",160,"Raegan","Cantrell",10280,"646-813-3328",5067,"3/7/2009 14:45"
"817",117,"Aliza","Foreman",11697,"917-380-2950",5068,"3/9/2009 9:13"
"818",57,"Lia","Harrell",10451,"347-270-4389",5069,"3/10/2009 12:01"
"819",39,"Damaris","Crosby",11436,"646-662-5349",5070,"3/11/2009 12:45"
"820",120,"Kiana","Maddox",11428,"347-248-5713",5071,"3/11/2009 13:46"
"821",175,"Bridger","Stephenson",11374,"718-792-7253",5072,"3/12/2009 8:10"
"822",18,"Jack","Bruce",11218,"646-522-7235",5073,"3/12/2009 9:51"
"823",12,"Angelique","Oliver",11413,"917-252-3830",5074,"3/12/2009 12:18"
"824",37,"Grace","Rowe",10158,"646-524-8955",5075,"3/13/2009 9:43"
"825",151,"Kaiya","Hull",10457,"347-829-1136",5076,"3/13/2009 10:06"
"826",98,"Brenden","Rasmussen",10015,"646-812-7298",5077,"3/13/2009 10:20"
"827",54,"Jayson","Bullock",11210,"718-708-3598",5078,"3/13/2009 15:49"
"828",37,"Grace","Rowe",10158,"646-524-8955",5079,"3/14/2009 15:27"
"829",124,"Cody","Leach",10005,"347-570-3346",5080,"3/15/2009 8:02"
"830",108,"Adeline","Dickerson",10111,"718-703-9796",5081,"3/17/2009 9:25"
"831",1,"Jaylen","Christensen",10006,"646-376-4466",5082,"3/17/2009 11:13"
"832",46,"Maurice","Tran",10471,"212-470-2697",5083,"3/18/2009 10:19"
"833",83,"Kamryn","Hopper",11418,"917-350-9472",5084,"3/18/2009 11:31"
"834",87,"Braylon","Spence",11241,"347-729-6167",5085,"3/19/2009 14:11"
"835",68,"Autumn","Burnett",11366,"917-355-7377",5086,"3/20/2009 11:24"
"836",53,"Eve","Lindsey",11372,"917-719-1929",5087,"3/21/2009 14:49"
"837",167,"Neveah","Reynolds",10019,"646-527-1224",5088,"3/22/2009 9:21"
"838",83,"Kamryn","Hopper",11418,"917-350-9472",5089,"3/22/2009 12:06"
"839",41,"Ryleigh","Wilkins",10302,"917-766-5604",5090,"3/22/2009 15:47"
"840",156,"Jacoby","Cook",10045,"917-808-6186",5091,"3/22/2009 16:15"
"841",4,"Lia","Short",11230,"718-664-9574",5092,"3/23/2009 9:54"
"842",97,"Reina","Hester",11435,"917-817-8225",5093,"3/23/2009 16:46"
"843",25,"Khalil","Medina",11419,"917-361-9803",5094,"3/24/2009 8:53"
"844",154,"Landyn","Pitts",10166,"347-320-2243",5095,"3/24/2009 9:03"
"845",91,"Pedro","Payne",10005,"212-498-6862",5096,"3/24/2009 12:20"
"846",95,"Matthias","Clemons",11411,"347-329-7260",5097,"3/24/2009 13:10"
"847",121,"Jazmyn","Livingston",11414,"917-364-9971",5098,"3/24/2009 13:17"
"848",194,"Kymani","Beck",10463,"718-351-9427",5099,"3/24/2009 14:44"
"849",85,"Elianna","Kaufman",11230,"212-832-9113",5100,"3/25/2009 9:45"
"850",89,"Irvin","Hinton",11363,"212-335-8571",5101,"3/25/2009 12:51"
"851",176,"Alison","Mays",10165,"917-265-9366",5102,"3/26/2009 10:43"
"852",80,"Nelson","Flynn",11109,"646-725-6832",5103,"3/26/2009 15:45"
"853",126,"Serena","Peters",11363,"718-380-2477",5104,"3/26/2009 16:16"
"854",76,"Dixie","Cruz",10103,"917-586-9422",5105,"3/27/2009 12:47"
"855",46,"Maurice","Tran",10471,"212-470-2697",5106,"3/27/2009 13:00"
"856",65,"Isaias","Moon",10471,"212-716-6333",5107,"3/27/2009 13:49"
"857",5,"Cael","Glover",10026,"646-623-7673",5108,"3/28/2009 11:50"
"858",178,"Maximilian","Morales",11217,"212-772-6202",5109,"3/28/2009 14:55"
"859",93,"Vance","Wilcox",10466,"347-314-5165",5110,"3/29/2009 11:03"
"860",116,"Dylan","Clark",10468,"646-576-9372",5111,"3/30/2009 11:46"
"861",74,"Zackary","Gilliam",10279,"917-593-3931",5112,"3/31/2009 8:56"
"862",35,"Amari","Parker",10010,"212-525-3571",5113,"3/31/2009 16:24"
"863",12,"Angelique","Oliver",11413,"917-252-3830",5114,"3/31/2009 16:36"
"864",191,"Kai","Sparks",11211,"212-522-5661",5115,"4/1/2009 8:46"
"865",158,"Alessandro","Casey",11209,"917-647-6620",5116,"4/1/2009 9:43"
"866",27,"Aaden","Lowe",11233,"212-683-8794",5117,"4/1/2009 13:49"
"867",6,"Patrick","Hodge",11222,"917-284-5780",5118,"4/4/2009 12:51"
"868",169,"Eduardo","Jimenez",10453,"646-595-2549",5119,"4/4/2009 13:15"
"869",72,"Deja","Lindsey",10307,"212-411-1820",5120,"4/4/2009 13:24"
"870",157,"Valentino","Ford",11208,"212-745-3651",5121,"4/4/2009 16:30"
"871",140,"Skylar","Buck",10162,"212-592-7909",5122,"4/5/2009 13:12"
"872",36,"Kendrick","Floyd",11434,"917-650-7989",5123,"4/6/2009 9:08"
"873",11,"Luna","Martinez",10006,"718-771-3686",5124,"4/6/2009 10:45"
"874",119,"Tatiana","Davidson",10451,"718-457-2953",5125,"4/6/2009 11:10"
"875",64,"Miles","Burton",10465,"646-336-1902",5126,"4/6/2009 13:31"
"876",122,"Ismael","Washington",10041,"212-439-5421",5127,"4/6/2009 13:48"
"877",56,"Immanuel","Joyce",11234,"212-671-1389",5128,"4/6/2009 16:01"
"878",113,"Regina","Brewer",11209,"646-614-1481",5129,"4/7/2009 15:54"
"879",88,"Alfonso","Gilbert",11225,"347-656-8233",5130,"4/7/2009 16:16"
"880",42,"Stanley","Townsend",10314,"212-775-3412",5131,"4/8/2009 10:23"
"881",31,"Jazmin","Schmidt",11237,"718-294-7531",5132,"4/8/2009 11:05"
"882",9,"Rigoberto","Mayo",11358,"212-537-6720",5133,"4/9/2009 12:19"
"883",40,"King","Rose",11367,"347-823-6645",5134,"4/9/2009 13:40"
"884",106,"Briley","Estrada",11360,"646-234-2097",5135,"4/12/2009 10:57"
"885",152,"Elianna","Medina",10308,"646-819-2778",5136,"4/14/2009 9:39"
"886",165,"Cannon","Berg",11420,"646-605-8063",5137,"4/14/2009 14:59"
"887",168,"Kierra","Holmes",11101,"718-451-2157",5138,"4/14/2009 16:14"
"888",160,"Raegan","Cantrell",10280,"646-813-3328",5139,"4/14/2009 16:43"
"889",18,"Jack","Bruce",11218,"646-522-7235",5140,"4/15/2009 8:04"
"890",66,"Yaritza","Andrews",11234,"718-746-4988",5141,"4/15/2009 10:05"
"891",119,"Tatiana","Davidson",10451,"718-457-2953",5142,"4/16/2009 12:30"
"892",2,"Reynaldo","Harris",11223,"646-382-3431",5143,"4/16/2009 15:58"
"893",17,"Gemma","Donovan",10069,"646-768-1792",5144,"4/17/2009 8:37"
"894",42,"Stanley","Townsend",10314,"212-775-3412",5145,"4/18/2009 9:00"
"895",160,"Raegan","Cantrell",10280,"646-813-3328",5146,"4/19/2009 10:09"
"896",131,"Desmond","Knowles",10122,"917-785-7273",5147,"4/19/2009 10:25"
"897",143,"Jasiah","Kirkland",10468,"347-479-2352",5148,"4/19/2009 12:31"
"898",117,"Aliza","Foreman",11697,"917-380-2950",5149,"4/19/2009 14:25"
"899",172,"Fernando","Rosa",10031,"917-669-3112",5150,"4/19/2009 16:50"
"900",188,"Makenna","Joseph",10172,"212-533-9260",5151,"4/20/2009 8:05"
"901",22,"Hadassah","Abbott",11377,"917-823-9292",5152,"4/20/2009 11:54"
"902",12,"Angelique","Oliver",11413,"917-252-3830",5153,"4/20/2009 16:18"
"903",68,"Autumn","Burnett",11366,"917-355-7377",5154,"4/21/2009 13:23"
"904",105,"Porter","Parks",11385,"718-483-5325",5155,"4/21/2009 13:53"
"905",156,"Jacoby","Cook",10045,"917-808-6186",5156,"4/21/2009 16:43"
"906",62,"Ansley","Henson",10173,"917-353-7715",5157,"4/23/2009 11:43"
"907",48,"Jaylen","Smith",10464,"212-432-9911",5158,"4/23/2009 12:36"
"908",18,"Jack","Bruce",11218,"646-522-7235",5159,"4/24/2009 8:08"
"909",133,"Katherine","Turner",11216,"347-589-7132",5160,"4/24/2009 14:57"
"910",156,"Jacoby","Cook",10045,"917-808-6186",5161,"4/24/2009 16:59"
"911",5,"Cael","Glover",10026,"646-623-7673",5162,"4/25/2009 10:52"
"912",75,"Remington","Farrell",11693,"917-843-4608",5163,"4/26/2009 10:24"
"913",187,"Krista","Emerson",11217,"917-631-6768",5164,"4/26/2009 13:06"
"914",149,"Savanah","Forbes",10281,"917-687-6671",5165,"4/27/2009 16:51"
"915",126,"Serena","Peters",11363,"718-380-2477",5166,"4/28/2009 8:17"
"916",13,"Melvin","Buckner",10304,"212-836-6512",5167,"4/28/2009 9:19"
"917",83,"Kamryn","Hopper",11418,"917-350-9472",5168,"4/28/2009 10:11"
"918",110,"Kade","Hood",10014,"917-336-9522",5169,"4/28/2009 12:01"
"919",111,"Belen","Hess",11237,"917-302-6036",5170,"4/28/2009 16:50"
"920",127,"Alexia","Rasmussen",11422,"718-534-2403",5171,"4/29/2009 13:38"
"921",170,"Skylar","Whitfield",10469,"212-827-7355",5172,"4/30/2009 15:35"
"922",153,"Leland","Hunter",11109,"212-793-5299",5173,"4/30/2009 16:50"
"923",50,"Susan","Matthews",10128,"212-748-5980",5174,"5/1/2009 9:33"
"924",70,"Terrance","Forbes",10154,"347-642-8572",5175,"5/1/2009 11:35"
"925",132,"Jayda","Crawford",11105,"718-658-3906",5176,"5/1/2009 13:20"
"926",35,"Amari","Parker",10010,"212-525-3571",5177,"5/1/2009 14:32"
"927",174,"Charles","McCoy",11220,"347-312-4725",5178,"5/1/2009 15:04"
"928",42,"Stanley","Townsend",10314,"212-775-3412",5179,"5/2/2009 11:14"
"929",119,"Tatiana","Davidson",10451,"718-457-2953",5180,"5/3/2009 9:32"
"930",137,"Amya","Walton",11422,"347-350-9310",5181,"5/3/2009 10:51"
"931",99,"Kyla","Shannon",11368,"646-352-2431",5182,"5/3/2009 10:59"
"932",20,"Reed","Flowers",10168,"646-547-6398",5183,"5/3/2009 14:44"
"933",63,"Quentin","Randolph",11207,"347-625-6847",5184,"5/3/2009 16:24"
"934",2,"Reynaldo","Harris",11223,"646-382-3431",5185,"5/4/2009 8:36"
"935",162,"Stella","Leon",10161,"646-404-6826",5186,"5/4/2009 13:03"
"936",121,"Jazmyn","Livingston",11414,"917-364-9971",5187,"5/4/2009 13:29"
"937",178,"Maximilian","Morales",11217,"212-772-6202",5188,"5/4/2009 13:53"
"938",30,"Alexus","Crosby",10473,"646-223-6544",5189,"5/5/2009 9:22"
"939",67,"Danny","Gray",10309,"917-280-8507",5190,"5/5/2009 15:08"
"940",14,"Jeramiah","Potts",11221,"646-228-5446",5191,"5/5/2009 16:55"
"941",113,"Regina","Brewer",11209,"646-614-1481",5192,"5/6/2009 11:39"
"942",83,"Kamryn","Hopper",11418,"917-350-9472",5193,"5/6/2009 13:01"
"943",124,"Cody","Leach",10005,"347-570-3346",5194,"5/7/2009 12:57"
"944",186,"Quintin","McConnell",11413,"917-363-2471",5195,"5/7/2009 13:52"
"945",184,"Hallie","Casey",10107,"646-463-4607",5196,"5/8/2009 13:07"
"946",143,"Jasiah","Kirkland",10468,"347-479-2352",5197,"5/8/2009 16:13"
"947",187,"Krista","Emerson",11217,"917-631-6768",5198,"5/9/2009 8:01"
"948",182,"Kassidy","Good",10039,"718-660-6567",5199,"5/9/2009 14:39"
"949",85,"Elianna","Kaufman",11230,"212-832-9113",5200,"5/10/2009 8:51"
"950",100,"Branson","Ingram",10026,"212-780-2467",5201,"5/10/2009 13:22"
"951",51,"Derek","Oliver",11362,"347-716-1227",5202,"5/10/2009 13:48"
"952",136,"Deborah","Lamb",10302,"718-408-4184",5203,"5/11/2009 8:54"
"953",176,"Alison","Mays",10165,"917-265-9366",5204,"5/11/2009 14:17"
"954",81,"Aileen","Johnson",11210,"917-426-2147",5205,"5/12/2009 11:20"
"955",60,"Evie","Beasley",11360,"347-379-6271",5206,"5/12/2009 14:49"
"956",144,"Donna","Gallegos",11421,"917-617-3764",5207,"5/12/2009 16:50"
"957",134,"Karli","Henson",11356,"917-716-1314",5208,"5/13/2009 8:43"
"958",128,"Conner","Hinton",11204,"646-775-3686",5209,"5/13/2009 11:20"
"959",67,"Danny","Gray",10309,"917-280-8507",5210,"5/13/2009 15:31"
"960",153,"Leland","Hunter",11109,"212-793-5299",5211,"5/14/2009 14:20"
"961",61,"Rylie","Ayala",10167,"917-745-5684",5212,"5/15/2009 12:34"
"962",54,"Jayson","Bullock",11210,"718-708-3598",5213,"5/15/2009 16:11"
"963",167,"Neveah","Reynolds",10019,"646-527-1224",5214,"5/15/2009 16:20"
"964",178,"Maximilian","Morales",11217,"212-772-6202",5215,"5/16/2009 10:51"
"965",16,"Dayana","Kidd",10170,"347-385-1742",5216,"5/16/2009 11:03"
"966",146,"Brett","Wilkinson",10303,"347-524-8554",5217,"5/17/2009 9:45"
"967",158,"Alessandro","Casey",11209,"917-647-6620",5218,"5/18/2009 13:19"
"968",56,"Immanuel","Joyce",11234,"212-671-1389",5219,"5/18/2009 13:53"
"969",179,"Carleigh","Manning",10021,"646-573-3267",5220,"5/18/2009 15:03"
"970",22,"Hadassah","Abbott",11377,"917-823-9292",5221,"5/19/2009 9:33"
"971",2,"Reynaldo","Harris",11223,"646-382-3431",5222,"5/19/2009 15:14"
"972",144,"Donna","Gallegos",11421,"917-617-3764",5223,"5/21/2009 8:12"
"973",168,"Kierra","Holmes",11101,"718-451-2157",5224,"5/21/2009 16:43"
"974",1,"Jaylen","Christensen",10006,"646-376-4466",5225,"5/22/2009 14:58"
"975",127,"Alexia","Rasmussen",11422,"718-534-2403",5226,"5/23/2009 14:04"
"976",110,"Kade","Hood",10014,"917-336-9522",5227,"5/25/2009 9:39"
"977",175,"Bridger","Stephenson",11374,"718-792-7253",5228,"5/25/2009 14:23"
"978",27,"Aaden","Lowe",11233,"212-683-8794",5229,"5/25/2009 16:39"
"979",98,"Brenden","Rasmussen",10015,"646-812-7298",5230,"5/26/2009 11:50"
"980",100,"Branson","Ingram",10026,"212-780-2467",5231,"5/26/2009 15:25"
"981",51,"Derek","Oliver",11362,"347-716-1227",5232,"5/27/2009 8:14"
"982",158,"Alessandro","Casey",11209,"917-647-6620",5233,"5/27/2009 9:46"
"983",70,"Terrance","Forbes",10154,"347-642-8572",5234,"5/27/2009 15:04"
"984",25,"Khalil","Medina",11419,"917-361-9803",5235,"5/28/2009 15:59"
"985",113,"Regina","Brewer",11209,"646-614-1481",5236,"5/29/2009 12:43"
"986",51,"Derek","Oliver",11362,"347-716-1227",5237,"5/29/2009 15:48"
"987",74,"Zackary","Gilliam",10279,"917-593-3931",5238,"5/29/2009 15:49"
"988",48,"Jaylen","Smith",10464,"212-432-9911",5239,"5/30/2009 9:02"
"989",94,"Beau","Ware",10013,"646-391-9926",5240,"5/30/2009 9:24"
"990",47,"Brayan","Owens",11239,"347-766-3697",5241,"5/30/2009 12:54"
"991",49,"Selina","Nelson",10035,"718-511-4170",5242,"5/30/2009 15:41"
"992",30,"Alexus","Crosby",10473,"646-223-6544",5243,"5/30/2009 16:26"
"993",52,"Jaycee","England",10014,"347-368-1526",5244,"5/31/2009 16:19"
"994",140,"Skylar","Buck",10162,"212-592-7909",5245,"6/1/2009 10:19"
"995",190,"Kaylee","Richmond",11224,"646-799-3731",5246,"6/2/2009 11:06"
"996",136,"Deborah","Lamb",10302,"718-408-4184",5247,"6/2/2009 16:44"
"997",49,"Selina","Nelson",10035,"718-511-4170",5248,"6/3/2009 10:09"
"998",159,"Mireya","Woodard",10110,"718-496-7026",5249,"6/3/2009 12:39"
"999",162,"Stella","Leon",10161,"646-404-6826",5250,"6/3/2009 15:30"
"1000",165,"Cannon","Berg",11420,"646-605-8063",5251,"6/4/2009 10:47"
"1001",67,"Danny","Gray",10309,"917-280-8507",5252,"6/4/2009 14:24"
"1002",64,"Miles","Burton",10465,"646-336-1902",5253,"6/5/2009 8:19"
"1003",34,"Adrianna","Duncan",10032,"646-544-5915",5254,"6/5/2009 11:36"
"1004",70,"Terrance","Forbes",10154,"347-642-8572",5255,"6/5/2009 14:26"
"1005",133,"Katherine","Turner",11216,"347-589-7132",5256,"6/5/2009 15:32"
"1006",130,"Kyle","Garner",10010,"917-338-6372",5257,"6/6/2009 12:11"
"1007",131,"Desmond","Knowles",10122,"917-785-7273",5258,"6/6/2009 14:42"
"1008",148,"Holden","Fowler",10118,"212-722-7454",5259,"6/8/2009 11:32"
"1009",125,"Lacey","Spencer",11411,"917-605-3899",5260,"6/8/2009 13:30"
"1010",99,"Kyla","Shannon",11368,"646-352-2431",5261,"6/9/2009 14:10"
"1011",185,"Malia","Bridges",10128,"917-338-2937",5262,"6/9/2009 15:14"
"1012",108,"Adeline","Dickerson",10111,"718-703-9796",5263,"6/10/2009 8:30"
"1013",35,"Amari","Parker",10010,"212-525-3571",5264,"6/10/2009 14:10"
"1014",194,"Kymani","Beck",10463,"718-351-9427",5265,"6/10/2009 14:52"
"1015",55,"Amy","Jarvis",11375,"646-804-4663",5266,"6/11/2009 10:25"
"1016",17,"Gemma","Donovan",10069,"646-768-1792",5267,"6/11/2009 11:41"
"1017",179,"Carleigh","Manning",10021,"646-573-3267",5268,"6/11/2009 12:44"
"1018",51,"Derek","Oliver",11362,"347-716-1227",5269,"6/12/2009 11:19"
"1019",95,"Matthias","Clemons",11411,"347-329-7260",5270,"6/12/2009 16:09"
"1020",78,"Octavio","Whitehead",11218,"212-423-2062",5271,"6/12/2009 16:54"
"1021",75,"Remington","Farrell",11693,"917-843-4608",5272,"6/13/2009 9:21"
"1022",101,"Anabella","Nixon",11249,"212-523-6502",5273,"6/13/2009 12:43"
"1023",72,"Deja","Lindsey",10307,"212-411-1820",5274,"6/14/2009 9:14"
"1024",24,"Zaniyah","Case",11103,"718-604-7729",5275,"6/15/2009 9:01"
"1025",4,"Lia","Short",11230,"718-664-9574",5276,"6/15/2009 10:54"
"1026",124,"Cody","Leach",10005,"347-570-3346",5277,"6/16/2009 9:32"
"1027",58,"Mitchell","Lloyd",11362,"718-796-7350",5278,"6/17/2009 8:28"
"1028",115,"Mathew","Harrison",11694,"646-614-8165",5279,"6/17/2009 12:57"
"1029",75,"Remington","Farrell",11693,"917-843-4608",5280,"6/18/2009 10:33"
"1030",30,"Alexus","Crosby",10473,"646-223-6544",5281,"6/18/2009 11:33"
"1031",18,"Jack","Bruce",11218,"646-522-7235",5282,"6/19/2009 8:11"
"1032",129,"Deven","Graham",11693,"646-246-7524",5283,"6/19/2009 8:50"
"1033",21,"Jazmine","Foley",10029,"718-605-9088",5284,"6/19/2009 15:28"
"1034",36,"Kendrick","Floyd",11434,"917-650-7989",5285,"6/19/2009 15:29"
"1035",10,"Aliya","Hoffman",11366,"917-613-6421",5286,"6/21/2009 8:08"
"1036",56,"Immanuel","Joyce",11234,"212-671-1389",5287,"6/24/2009 11:21"
"1037",165,"Cannon","Berg",11420,"646-605-8063",5288,"6/25/2009 11:20"
"1038",65,"Isaias","Moon",10471,"212-716-6333",5289,"6/25/2009 15:14"
"1039",191,"Kai","Sparks",11211,"212-522-5661",5290,"6/26/2009 13:53"
"1040",108,"Adeline","Dickerson",10111,"718-703-9796",5291,"6/28/2009 8:16"
"1041",78,"Octavio","Whitehead",11218,"212-423-2062",5292,"6/29/2009 8:09"
"1042",91,"Pedro","Payne",10005,"212-498-6862",5293,"6/29/2009 11:07"
"1043",68,"Autumn","Burnett",11366,"917-355-7377",5294,"6/29/2009 11:37"
"1044",153,"Leland","Hunter",11109,"212-793-5299",5295,"6/29/2009 13:46"
"1045",176,"Alison","Mays",10165,"917-265-9366",5296,"7/1/2009 12:17"
"1046",152,"Elianna","Medina",10308,"646-819-2778",5297,"7/1/2009 15:04"
"1047",47,"Brayan","Owens",11239,"347-766-3697",5298,"7/2/2009 10:58"
"1048",119,"Tatiana","Davidson",10451,"718-457-2953",5299,"7/2/2009 13:11"
"1049",72,"Deja","Lindsey",10307,"212-411-1820",5300,"7/3/2009 11:03"
"1050",148,"Holden","Fowler",10118,"212-722-7454",5301,"7/3/2009 14:25"
"1051",126,"Serena","Peters",11363,"718-380-2477",5302,"7/3/2009 14:39"
"1052",160,"Raegan","Cantrell",10280,"646-813-3328",5303,"7/4/2009 11:20"
"1053",117,"Aliza","Foreman",11697,"917-380-2950",5304,"7/4/2009 16:33"
"1054",11,"Luna","Martinez",10006,"718-771-3686",5305,"7/5/2009 16:34"
"1055",80,"Nelson","Flynn",11109,"646-725-6832",5306,"7/6/2009 10:48"
"1056",178,"Maximilian","Morales",11217,"212-772-6202",5307,"7/8/2009 8:27"
"1057",147,"Conor","Weiss",11203,"347-518-5638",5308,"7/8/2009 10:56"
"1058",59,"Desiree","Melton",11432,"646-270-2996",5309,"7/8/2009 13:02"
"1059",78,"Octavio","Whitehead",11218,"212-423-2062",5310,"7/8/2009 16:14"
"1060",54,"Jayson","Bullock",11210,"718-708-3598",5311,"7/9/2009 11:01"
"1061",78,"Octavio","Whitehead",11218,"212-423-2062",5312,"7/9/2009 13:48"
"1062",83,"Kamryn","Hopper",11418,"917-350-9472",5313,"7/9/2009 14:34"
"1063",93,"Vance","Wilcox",10466,"347-314-5165",5314,"7/10/2009 8:39"
"1064",73,"Colby","Atkinson",10007,"646-772-2257",5315,"7/10/2009 8:54"
"1065",178,"Maximilian","Morales",11217,"212-772-6202",5316,"7/11/2009 9:38"
"1066",110,"Kade","Hood",10014,"917-336-9522",5317,"7/11/2009 10:13"
"1067",57,"Lia","Harrell",10451,"347-270-4389",5318,"7/11/2009 13:05"
"1068",55,"Amy","Jarvis",11375,"646-804-4663",5319,"7/12/2009 11:21"
"1069",191,"Kai","Sparks",11211,"212-522-5661",5320,"7/12/2009 12:14"
"1070",25,"Khalil","Medina",11419,"917-361-9803",5321,"7/12/2009 14:19"
"1071",157,"Valentino","Ford",11208,"212-745-3651",5322,"7/13/2009 15:30"
"1072",76,"Dixie","Cruz",10103,"917-586-9422",5323,"7/14/2009 9:22"
"1073",99,"Kyla","Shannon",11368,"646-352-2431",5324,"7/14/2009 10:29"
"1074",3,"Yandel","Franklin",10099,"718-510-6575",5325,"7/14/2009 14:51"
"1075",135,"Lena","Rivera",11361,"212-340-5502",5326,"7/14/2009 16:32"
"1076",31,"Jazmin","Schmidt",11237,"718-294-7531",5327,"7/15/2009 13:29"
"1077",93,"Vance","Wilcox",10466,"347-314-5165",5328,"7/15/2009 16:54"
"1078",36,"Kendrick","Floyd",11434,"917-650-7989",5329,"7/16/2009 15:25"
"1079",36,"Kendrick","Floyd",11434,"917-650-7989",5330,"7/19/2009 11:11"
"1080",8,"Darren","Burns",10120,"212-220-3311",5331,"7/19/2009 11:58"
"1081",42,"Stanley","Townsend",10314,"212-775-3412",5332,"7/19/2009 12:41"
"1082",41,"Ryleigh","Wilkins",10302,"917-766-5604",5333,"7/19/2009 15:53"
"1083",74,"Zackary","Gilliam",10279,"917-593-3931",5334,"7/19/2009 16:18"
"1084",79,"Mariam","Bowen",11238,"646-292-3920",5335,"7/20/2009 11:49"
"1085",66,"Yaritza","Andrews",11234,"718-746-4988",5336,"7/20/2009 15:38"
"1086",93,"Vance","Wilcox",10466,"347-314-5165",5337,"7/21/2009 14:56"
"1087",118,"Kenley","Hunt",10028,"212-705-8822",5338,"7/23/2009 11:51"
